"League","Match_Date","Matchweek","Home_Team","Home_Formation","Home_Score","Home_xG","Home_Goals","Home_Yellow_Cards","Home_Red_Cards","Away_Team","Away_Formation","Away_Score","Away_xG","Away_Goals","Away_Yellow_Cards","Away_Red_Cards","Team","Home_Away","Min","Gls","Ast","PK","PKatt","Sh","SoT","CrdY","CrdR","Touches","Tkl","Int","Blocks","xG_Expected","npxG_Expected","xAG_Expected","SCA_SCA","GCA_SCA","Cmp_Passes","Att_Passes","Cmp_percent_Passes","PrgP_Passes","Carries_Carries","PrgC_Carries","Att_Take_Ons","Succ_Take_Ons"
"UEFA Champions League","2023-09-19","UEFA Champions League (Group stage)","Young Boys","5-3-2",1,0.5,"Meschak Elia · 33&rsquor;","3","0","RB Leipzig","4-4-2",3,2.6,"Mohamed Simakan · 3&rsquor; Xaver Schlager · 73&rsquor; Benjamin Šeško · 90+2&rsquor;","4","0","Young Boys","Home",990,1,1,0,0,8,3,3,0,650,7,14,20,0.5,0.5,0.4,14,2,436,545,80,32,343,13,27,11
"UEFA Champions League","2023-09-19","UEFA Champions League (Group stage)","Young Boys","5-3-2",1,0.5,"Meschak Elia · 33&rsquor;","3","0","RB Leipzig","4-4-2",3,2.6,"Mohamed Simakan · 3&rsquor; Xaver Schlager · 73&rsquor; Benjamin Šeško · 90+2&rsquor;","4","0","RB Leipzig","Away",990,3,3,0,0,21,8,4,0,563,22,6,10,2.7,2.7,2.3,36,6,343,448,76.6,26,331,24,16,11
"UEFA Champions League","2023-09-19","UEFA Champions League (Group stage)","Milan","4-3-3",0,1.9,"","4","0","Newcastle United","4-3-3",0,0.3,"","1","0","Milan","Home",990,0,0,0,0,25,8,4,0,562,14,5,6,2,2,1.5,46,0,379,466,81.3,35,383,30,20,11
"UEFA Champions League","2023-09-19","UEFA Champions League (Group stage)","Milan","4-3-3",0,1.9,"","4","0","Newcastle United","4-3-3",0,0.3,"","1","0","Newcastle United","Away",990,0,0,0,0,6,1,1,0,528,17,2,14,0.3,0.3,0.3,11,0,336,406,82.8,36,292,16,15,2
"UEFA Champions League","2023-09-19","UEFA Champions League (Group stage)","Manchester City","4-2-3-1",3,4.1,"Julián Álvarez · 47&rsquor; Julián Álvarez · 60&rsquor; Rodri · 73&rsquor;","2","0","Red Star","5-3-2",1,0.8,"Osman Bukari · 45&rsquor;","2","0","Manchester City","Home",990,3,2,0,0,37,16,2,0,882,14,3,6,4.2,4.2,3.3,68,6,709,782,90.7,90,577,47,28,15
"UEFA Champions League","2023-09-19","UEFA Champions League (Group stage)","Manchester City","4-2-3-1",3,4.1,"Julián Álvarez · 47&rsquor; Julián Álvarez · 60&rsquor; Rodri · 73&rsquor;","2","0","Red Star","5-3-2",1,0.8,"Osman Bukari · 45&rsquor;","2","0","Red Star","Away",990,1,1,0,0,3,2,2,0,377,17,7,14,0.8,0.8,0.8,6,2,187,252,74.2,17,173,12,18,5
"UEFA Champions League","2023-09-19","UEFA Champions League (Group stage)","Barcelona","4-3-3",5,2.8,"João Félix · 11&rsquor; Robert Lewandowski · 19&rsquor; Jelle Bataille (OG) · 22&rsquor; Gavi · 54&rsquor; João Félix · 66&rsquor;","1","0","Antwerp","4-2-3-1",0,0.3,"","0","0","Barcelona","Home",990,4,4,0,0,22,9,1,0,910,10,4,4,2.9,2.9,2.4,37,7,765,838,91.3,74,645,30,24,13
"UEFA Champions League","2023-09-19","UEFA Champions League (Group stage)","Barcelona","4-3-3",5,2.8,"João Félix · 11&rsquor; Robert Lewandowski · 19&rsquor; Jelle Bataille (OG) · 22&rsquor; Gavi · 54&rsquor; João Félix · 66&rsquor;","1","0","Antwerp","4-2-3-1",0,0.3,"","0","0","Antwerp","Away",990,0,0,0,0,3,1,0,0,458,12,5,10,0.3,0.3,0.3,6,0,310,366,84.7,18,300,9,11,5
"UEFA Champions League","2023-09-19","UEFA Champions League (Group stage)","Paris Saint-Germain","4-3-3",2,2.4,"Kylian Mbappé (P) · 49&rsquor; Achraf Hakimi · 58&rsquor;","0","0","Dortmund","3-5-2",0,0.7,"","3","0","Paris Saint-Germain","Home",990,2,1,1,1,16,2,0,0,859,21,10,13,2.4,1.7,1.5,30,3,644,734,87.7,55,685,30,25,14
"UEFA Champions League","2023-09-19","UEFA Champions League (Group stage)","Paris Saint-Germain","4-3-3",2,2.4,"Kylian Mbappé (P) · 49&rsquor; Achraf Hakimi · 58&rsquor;","0","0","Dortmund","3-5-2",0,0.7,"","3","0","Dortmund","Away",990,0,0,0,0,14,1,3,0,501,17,10,17,0.7,0.7,0.6,24,0,273,359,76,24,307,12,32,14
"UEFA Champions League","2023-09-19","UEFA Champions League (Group stage)","Lazio","4-3-3",1,1.2,"Ivan Provedel · 90+5&rsquor;","2","0","Atlético Madrid","5-3-2",1,0.9,"Pablo Barrios · 29&rsquor;","3","0","Lazio","Home",990,1,1,0,0,19,7,2,0,727,12,6,12,1.2,1.2,1.1,34,2,542,624,86.9,61,452,21,20,9
"UEFA Champions League","2023-09-19","UEFA Champions League (Group stage)","Lazio","4-3-3",1,1.2,"Ivan Provedel · 90+5&rsquor;","2","0","Atlético Madrid","5-3-2",1,0.9,"Pablo Barrios · 29&rsquor;","3","0","Atlético Madrid","Away",990,1,1,0,0,9,4,3,0,755,12,9,14,0.9,0.9,0.8,18,2,564,653,86.4,35,457,17,13,7
"UEFA Champions League","2023-09-19","UEFA Champions League (Group stage)","Feyenoord","4-2-3-1",2,1.6,"Calvin Stengs · 45+2&rsquor; Alireza Jahanbakhsh · 76&rsquor;","1","0","Celtic","4-3-3",0,0.3,"Gustaf Lagerbielke · 63&rsquor; Odin Thiago Holm · 68&rsquor;","4","2","Feyenoord","Home",990,2,0,0,1,15,4,1,0,786,19,6,9,1.6,0.8,0.6,28,4,585,681,85.9,46,525,22,21,9
"UEFA Champions League","2023-09-19","UEFA Champions League (Group stage)","Feyenoord","4-2-3-1",2,1.6,"Calvin Stengs · 45+2&rsquor; Alireza Jahanbakhsh · 76&rsquor;","1","0","Celtic","4-3-3",0,0.3,"Gustaf Lagerbielke · 63&rsquor; Odin Thiago Holm · 68&rsquor;","4","2","Celtic","Away",939,0,0,0,0,8,3,3,2,565,18,7,16,0.3,0.3,0.2,11,0,356,444,80.2,19,277,11,22,9
"UEFA Champions League","2023-09-19","UEFA Champions League (Group stage)","Shakhtar Donetsk","4-3-3",1,0.5,"Kevin Kelsy · 13&rsquor;","3","0","Porto","4-2-3-1",3,1.8,"Galeno · 8&rsquor; Galeno · 15&rsquor; Mehdi Taremi · 29&rsquor;","2","0","Shakhtar Donetsk","Home",990,1,1,0,0,9,4,3,0,565,12,11,2,0.5,0.5,0.4,18,2,425,488,87.1,29,429,11,13,4
"UEFA Champions League","2023-09-19","UEFA Champions League (Group stage)","Shakhtar Donetsk","4-3-3",1,0.5,"Kevin Kelsy · 13&rsquor;","3","0","Porto","4-2-3-1",3,1.8,"Galeno · 8&rsquor; Galeno · 15&rsquor; Mehdi Taremi · 29&rsquor;","2","0","Porto","Away",990,3,1,0,0,13,9,2,0,663,23,8,7,1.8,1.8,1.2,24,4,504,562,89.7,31,507,11,15,9
"UEFA Champions League","2023-09-20","UEFA Champions League (Group stage)","Real Madrid","4-3-1-2",1,3.7,"Jude Bellingham · 90+4&rsquor;","1","0","Union Berlin","3-5-2",0,0.2,"","1","0","Real Madrid","Home",990,1,0,0,0,32,7,1,0,976,6,5,4,3.8,3.8,2.7,62,1,786,881,89.2,82,793,35,14,6
"UEFA Champions League","2023-09-20","UEFA Champions League (Group stage)","Real Madrid","4-3-1-2",1,3.7,"Jude Bellingham · 90+4&rsquor;","1","0","Union Berlin","3-5-2",0,0.2,"","1","0","Union Berlin","Away",990,0,0,0,0,4,0,1,0,408,15,9,16,0.2,0.2,0.2,8,0,194,289,67.1,12,207,8,6,2
"UEFA Champions League","2023-09-20","UEFA Champions League (Group stage)","Galatasaray","4-2-3-1",2,1.1,"Sacha Boey · 86&rsquor; Tetê · 88&rsquor;","2","0","FC Copenhagen","4-3-3",2,0.6,"Mohamed Elyounoussi · 35&rsquor; Diogo Gonçalves · 58&rsquor; Elias Jelert · 73&rsquor;","6","1","Galatasaray","Home",990,2,1,0,0,14,5,2,0,760,20,9,11,1.1,1.1,1,24,4,524,648,80.9,68,533,13,27,13
"UEFA Champions League","2023-09-20","UEFA Champions League (Group stage)","Galatasaray","4-2-3-1",2,1.1,"Sacha Boey · 86&rsquor; Tetê · 88&rsquor;","2","0","FC Copenhagen","4-3-3",2,0.6,"Mohamed Elyounoussi · 35&rsquor; Diogo Gonçalves · 58&rsquor; Elias Jelert · 73&rsquor;","6","1","FC Copenhagen","Away",972,2,2,0,0,7,3,5,1,500,18,10,12,0.6,0.6,0.6,14,4,261,377,69.2,18,248,7,22,8
"UEFA Champions League","2023-09-20","UEFA Champions League (Group stage)","Benfica","4-2-3-1",0,1.5,"António Silva · 13&rsquor;","3","1","Red Bull Salzburg","4-1-2-1-2",2,3.3,"Roko Simic (P) · 15&rsquor; Oscar Gloukh · 51&rsquor;","4","0","Benfica","Home",912,0,0,0,0,15,6,3,1,675,18,5,16,1.5,1.5,1,27,0,443,554,80,38,482,26,33,19
"UEFA Champions League","2023-09-20","UEFA Champions League (Group stage)","Benfica","4-2-3-1",0,1.5,"António Silva · 13&rsquor;","3","1","Red Bull Salzburg","4-1-2-1-2",2,3.3,"Roko Simic (P) · 15&rsquor; Oscar Gloukh · 51&rsquor;","4","0","Red Bull Salzburg","Away",990,2,1,1,2,12,4,4,0,556,25,12,11,3.3,1.8,1.6,23,3,315,424,74.3,33,365,23,18,7
"UEFA Champions League","2023-09-20","UEFA Champions League (Group stage)","Braga","4-2-3-1",1,1.4,"Bruma · 84&rsquor;","3","0","Napoli","4-3-3",2,1.7,"Giovanni Di Lorenzo · 45+1&rsquor; Sikou Niakaté (OG) · 88&rsquor;","6","0","Braga","Home",990,1,1,0,0,16,2,3,0,653,19,5,16,1.4,1.4,1.1,31,2,413,523,79,53,346,14,14,9
"UEFA Champions League","2023-09-20","UEFA Champions League (Group stage)","Braga","4-2-3-1",1,1.4,"Bruma · 84&rsquor;","3","0","Napoli","4-3-3",2,1.7,"Giovanni Di Lorenzo · 45+1&rsquor; Sikou Niakaté (OG) · 88&rsquor;","6","0","Napoli","Away",990,1,0,0,0,18,6,6,0,586,14,14,11,1.7,1.7,1.1,30,2,357,459,77.8,40,263,17,20,7
"UEFA Champions League","2023-09-20","UEFA Champions League (Group stage)","Arsenal","4-3-3",4,2.3,"Bukayo Saka · 8&rsquor; Leandro Trossard · 20&rsquor; Gabriel Jesus · 38&rsquor; Martin Ødegaard · 70&rsquor;","1","0","PSV Eindhoven","4-2-3-1",0,0.5,"","3","0","Arsenal","Home",990,4,3,0,0,18,8,1,0,726,8,7,10,2.3,2.3,1.9,35,7,543,618,87.9,49,518,23,23,12
"UEFA Champions League","2023-09-20","UEFA Champions League (Group stage)","Arsenal","4-3-3",4,2.3,"Bukayo Saka · 8&rsquor; Leandro Trossard · 20&rsquor; Gabriel Jesus · 38&rsquor; Martin Ødegaard · 70&rsquor;","1","0","PSV Eindhoven","4-2-3-1",0,0.5,"","3","0","PSV Eindhoven","Away",990,0,0,0,0,12,4,3,0,538,16,5,18,0.5,0.5,0.5,21,0,358,444,80.6,37,299,27,21,15
"UEFA Champions League","2023-09-20","UEFA Champions League (Group stage)","Real Sociedad","4-3-3",1,1.3,"Brais Méndez · 4&rsquor;","3","0","Internazionale","3-5-2",1,0.5,"Lautaro Martínez · 87&rsquor;","3","0","Real Sociedad","Home",990,1,0,0,0,14,5,3,0,488,14,8,9,1.4,1.4,1.1,23,0,300,391,76.7,32,293,12,14,5
"UEFA Champions League","2023-09-20","UEFA Champions League (Group stage)","Real Sociedad","4-3-3",1,1.3,"Brais Méndez · 4&rsquor;","3","0","Internazionale","3-5-2",1,0.5,"Lautaro Martínez · 87&rsquor;","3","0","Internazionale","Away",990,1,1,0,0,6,1,3,0,598,19,4,11,0.5,0.5,0.5,11,1,394,494,79.8,23,283,11,9,3
"UEFA Champions League","2023-09-20","UEFA Champions League (Group stage)","Sevilla","4-2-3-1",1,0.8,"Lucas Ocampos · 9&rsquor;","3","0","Lens","3-4-3",1,1.3,"Angelo Fulgini · 24&rsquor;","5","0","Sevilla","Home",990,1,1,0,0,10,5,3,0,625,13,10,21,0.8,0.8,0.8,18,2,399,505,79,40,437,19,28,8
"UEFA Champions League","2023-09-20","UEFA Champions League (Group stage)","Sevilla","4-2-3-1",1,0.8,"Lucas Ocampos · 9&rsquor;","3","0","Lens","3-4-3",1,1.3,"Angelo Fulgini · 24&rsquor;","5","0","Lens","Away",990,1,0,0,0,12,3,5,0,531,26,6,7,1.4,1.4,1.3,24,2,296,402,73.6,32,334,22,15,7
"UEFA Champions League","2023-09-20","UEFA Champions League (Group stage)","Bayern Munich","4-2-3-1",4,2.2,"Leroy Sané · 28&rsquor; Serge Gnabry · 32&rsquor; Harry Kane (P) · 53&rsquor; Mathys Tel · 90+2&rsquor;","1","0","Manchester United","4-2-3-1",3,1.7,"Rasmus Højlund · 49&rsquor; Casemiro · 88&rsquor; Casemiro · 90+5&rsquor;","1","0","Bayern Munich","Home",990,4,3,1,1,18,8,1,0,721,15,4,8,2.3,1.5,1.4,35,7,558,631,88.4,43,543,29,22,17
"UEFA Champions League","2023-09-20","UEFA Champions League (Group stage)","Bayern Munich","4-2-3-1",4,2.2,"Leroy Sané · 28&rsquor; Serge Gnabry · 32&rsquor; Harry Kane (P) · 53&rsquor; Mathys Tel · 90+2&rsquor;","1","0","Manchester United","4-2-3-1",3,1.7,"Rasmus Højlund · 49&rsquor; Casemiro · 88&rsquor; Casemiro · 90+5&rsquor;","1","0","Manchester United","Away",990,3,3,0,0,9,4,1,0,520,13,7,13,1.7,1.7,1.5,16,6,361,433,83.4,33,321,16,18,11
"UEFA Champions League","2023-10-03","UEFA Champions League (Group stage)","Red Bull Salzburg","4-1-2-1-2",0,0.6,"","4","0","Real Sociedad","4-4-2",2,1.2,"Mikel Oyarzabal · 7&rsquor; Brais Méndez · 27&rsquor;","2","0","Red Bull Salzburg","Home",990,0,0,0,0,11,1,4,0,585,16,8,13,0.7,0.7,0.4,20,0,352,473,74.4,44,388,16,18,6
"UEFA Champions League","2023-10-03","UEFA Champions League (Group stage)","Red Bull Salzburg","4-1-2-1-2",0,0.6,"","4","0","Real Sociedad","4-4-2",2,1.2,"Mikel Oyarzabal · 7&rsquor; Brais Méndez · 27&rsquor;","2","0","Real Sociedad","Away",990,2,2,0,0,15,5,2,0,656,20,8,16,1.2,1.2,1.2,26,4,421,519,81.1,41,437,15,22,10
"UEFA Champions League","2023-10-03","UEFA Champions League (Group stage)","Union Berlin","5-3-2",2,2,"Sheraldo Becker · 30&rsquor; Sheraldo Becker · 37&rsquor;","3","0","Braga","4-2-3-1",3,1.2,"Sikou Niakaté · 41&rsquor; Bruma · 51&rsquor; André Castro · 90+4&rsquor;","3","0","Union Berlin","Home",990,2,2,0,0,13,5,3,0,448,11,7,12,2,2,1.8,26,4,251,360,69.7,33,224,16,9,6
"UEFA Champions League","2023-10-03","UEFA Champions League (Group stage)","Union Berlin","5-3-2",2,2,"Sheraldo Becker · 30&rsquor; Sheraldo Becker · 37&rsquor;","3","0","Braga","4-2-3-1",3,1.2,"Sikou Niakaté · 41&rsquor; Bruma · 51&rsquor; André Castro · 90+4&rsquor;","3","0","Braga","Away",990,3,3,0,0,12,6,3,0,724,7,7,11,1.2,1.2,0.5,20,5,527,626,84.2,46,538,20,15,7
"UEFA Champions League","2023-10-03","UEFA Champions League (Group stage)","Manchester United","4-3-3",2,2.3,"Rasmus Højlund · 17&rsquor; Rasmus Højlund · 67&rsquor; Casemiro · 77&rsquor;","4","1","Galatasaray","4-2-3-1",3,2.6,"Wilfried Zaha · 23&rsquor; Kerem Aktürkoğlu · 71&rsquor; Mauro Icardi · 81&rsquor;","4","0","Manchester United","Home",976,2,1,0,0,16,5,3,1,624,9,7,16,2.3,2.3,1.5,25,2,373,512,72.9,39,360,19,28,13
"UEFA Champions League","2023-10-03","UEFA Champions League (Group stage)","Manchester United","4-3-3",2,2.3,"Rasmus Højlund · 17&rsquor; Rasmus Højlund · 67&rsquor; Casemiro · 77&rsquor;","4","1","Galatasaray","4-2-3-1",3,2.6,"Wilfried Zaha · 23&rsquor; Kerem Aktürkoğlu · 71&rsquor; Mauro Icardi · 81&rsquor;","4","0","Galatasaray","Away",990,3,3,0,1,13,4,4,0,545,16,16,15,2.6,1.8,1.7,24,5,292,417,70,31,317,17,10,4
"UEFA Champions League","2023-10-03","UEFA Champions League (Group stage)","FC Copenhagen","4-3-3",1,0.9,"Lukas Lerager · 55&rsquor;","3","0","Bayern Munich","4-2-3-1",2,0.9,"Jamal Musiala · 67&rsquor; Mathys Tel · 83&rsquor;","1","0","FC Copenhagen","Home",990,1,0,0,0,11,4,3,0,598,22,10,17,0.9,0.9,0.7,20,1,382,480,79.6,28,352,10,21,11
"UEFA Champions League","2023-10-03","UEFA Champions League (Group stage)","FC Copenhagen","4-3-3",1,0.9,"Lukas Lerager · 55&rsquor;","3","0","Bayern Munich","4-2-3-1",2,0.9,"Jamal Musiala · 67&rsquor; Mathys Tel · 83&rsquor;","1","0","Bayern Munich","Away",990,2,2,0,0,15,5,1,0,760,17,12,17,0.9,0.9,0.7,27,4,548,648,84.6,74,470,30,20,12
"UEFA Champions League","2023-10-03","UEFA Champions League (Group stage)","PSV Eindhoven","4-3-3",2,2.6,"Luuk de Jong (P) · 86&rsquor; Jordan Teze · 90+5&rsquor;","3","0","Sevilla","4-2-3-1",2,1.3,"Nemanja Gudelj · 68&rsquor; Youssef En-Nesyri · 87&rsquor;","2","0","PSV Eindhoven","Home",990,2,0,1,1,25,7,3,0,637,18,10,5,2.6,1.8,1.6,49,3,416,522,79.7,56,351,34,27,16
"UEFA Champions League","2023-10-03","UEFA Champions League (Group stage)","PSV Eindhoven","4-3-3",2,2.6,"Luuk de Jong (P) · 86&rsquor; Jordan Teze · 90+5&rsquor;","3","0","Sevilla","4-2-3-1",2,1.3,"Nemanja Gudelj · 68&rsquor; Youssef En-Nesyri · 87&rsquor;","2","0","Sevilla","Away",990,2,2,0,0,10,2,2,0,438,17,6,13,1.3,1.3,1.2,17,4,208,308,67.5,24,227,11,16,7
"UEFA Champions League","2023-10-03","UEFA Champions League (Group stage)","Internazionale","3-5-2",1,3.8,"Marcus Thuram · 62&rsquor;","4","0","Benfica","4-2-3-1",0,0.3,"","0","0","Internazionale","Home",990,1,1,0,0,21,7,4,0,651,16,9,8,3.9,3.9,2.9,35,2,411,528,77.8,55,280,30,27,13
"UEFA Champions League","2023-10-03","UEFA Champions League (Group stage)","Internazionale","3-5-2",1,3.8,"Marcus Thuram · 62&rsquor;","4","0","Benfica","4-2-3-1",0,0.3,"","0","0","Benfica","Away",990,0,0,0,0,6,3,0,0,722,18,11,15,0.3,0.3,0.3,11,0,477,592,80.6,32,430,14,10,5
"UEFA Champions League","2023-10-03","UEFA Champions League (Group stage)","Napoli","4-3-3",2,1.9,"Leo Skiri Østigård · 19&rsquor; Piotr Zieliński (P) · 54&rsquor;","1","0","Real Madrid","4-3-1-2",3,1.4,"Vinicius Júnior · 27&rsquor; Jude Bellingham · 34&rsquor; Alex Meret (OG) · 78&rsquor;","3","0","Napoli","Home",990,2,0,1,1,17,6,1,0,648,16,8,14,2,1.2,0.9,32,2,473,545,86.8,46,422,18,18,6
"UEFA Champions League","2023-10-03","UEFA Champions League (Group stage)","Napoli","4-3-3",2,1.9,"Leo Skiri Østigård · 19&rsquor; Piotr Zieliński (P) · 54&rsquor;","1","0","Real Madrid","4-3-1-2",3,1.4,"Vinicius Júnior · 27&rsquor; Jude Bellingham · 34&rsquor; Alex Meret (OG) · 78&rsquor;","3","0","Real Madrid","Away",990,2,2,0,0,18,5,3,0,660,23,6,11,1.5,1.5,0.9,34,4,479,544,88.1,33,486,22,22,11
"UEFA Champions League","2023-10-03","UEFA Champions League (Group stage)","Lens","3-4-3",2,0.7,"Adrien Thomasson · 25&rsquor; Elye Wahi · 69&rsquor;","1","0","Arsenal","4-3-3",1,1.5,"Gabriel Jesus · 14&rsquor;","1","0","Lens","Home",990,2,2,0,0,10,3,1,0,469,16,6,14,0.7,0.7,0.7,18,4,280,376,74.5,26,320,15,12,3
"UEFA Champions League","2023-10-03","UEFA Champions League (Group stage)","Lens","3-4-3",2,0.7,"Adrien Thomasson · 25&rsquor; Elye Wahi · 69&rsquor;","1","0","Arsenal","4-3-3",1,1.5,"Gabriel Jesus · 14&rsquor;","1","0","Arsenal","Away",990,1,1,0,0,11,6,1,0,821,11,9,5,1.5,1.5,1.1,17,1,645,729,88.5,50,682,17,18,7
"UEFA Champions League","2023-10-04","UEFA Champions League (Group stage)","Atlético Madrid","3-5-2",3,0.8,"Álvaro Morata · 12&rsquor; Antoine Griezmann · 45+3&rsquor; Álvaro Morata · 47&rsquor;","4","0","Feyenoord","4-3-3",2,2.4,"Mario Hermoso (OG) · 7&rsquor; Dávid Hancko · 34&rsquor;","1","0","Atlético Madrid","Home",990,3,1,0,0,7,3,4,0,636,12,9,11,0.8,0.8,0.3,11,3,431,523,82.4,30,384,9,13,5
"UEFA Champions League","2023-10-04","UEFA Champions League (Group stage)","Atlético Madrid","3-5-2",3,0.8,"Álvaro Morata · 12&rsquor; Antoine Griezmann · 45+3&rsquor; Álvaro Morata · 47&rsquor;","4","0","Feyenoord","4-3-3",2,2.4,"Mario Hermoso (OG) · 7&rsquor; Dávid Hancko · 34&rsquor;","1","0","Feyenoord","Away",990,1,0,0,0,17,7,1,0,674,15,12,7,2.5,2.5,1.8,29,1,464,569,81.5,51,422,22,19,14
"UEFA Champions League","2023-10-04","UEFA Champions League (Group stage)","Antwerp","4-3-3",2,1.8,"Arbnor Muja · 3&rsquor; Michel-Ange Balikwisha · 33&rsquor;","3","0","Shakhtar Donetsk","4-2-3-1",3,2.3,"Danylo Sikan · 48&rsquor; Yaroslav Rakitskiy · 71&rsquor; Danylo Sikan · 76&rsquor;","3","0","Antwerp","Home",990,2,2,0,1,12,6,3,0,657,14,7,15,1.8,1.1,0.8,23,4,464,554,83.8,34,479,13,20,8
"UEFA Champions League","2023-10-04","UEFA Champions League (Group stage)","Antwerp","4-3-3",2,1.8,"Arbnor Muja · 3&rsquor; Michel-Ange Balikwisha · 33&rsquor;","3","0","Shakhtar Donetsk","4-2-3-1",3,2.3,"Danylo Sikan · 48&rsquor; Yaroslav Rakitskiy · 71&rsquor; Danylo Sikan · 76&rsquor;","3","0","Shakhtar Donetsk","Away",990,3,1,0,0,16,6,3,0,591,22,7,8,2.3,2.3,1.8,27,5,400,489,81.8,38,423,10,9,6
"UEFA Champions League","2023-10-04","UEFA Champions League (Group stage)","Porto","4-4-2",0,0.7,"","1","0","Barcelona","4-3-3",1,1.3,"Ferrán Torres · 45+1&rsquor; Gavi · 90+3&rsquor;","8","1","Porto","Home",990,0,0,0,0,13,5,1,0,529,19,5,11,0.7,0.7,0.6,25,0,335,417,80.3,52,345,21,23,8
"UEFA Champions League","2023-10-04","UEFA Champions League (Group stage)","Porto","4-4-2",0,0.7,"","1","0","Barcelona","4-3-3",1,1.3,"Ferrán Torres · 45+1&rsquor; Gavi · 90+3&rsquor;","8","1","Barcelona","Away",989,1,1,0,0,14,4,7,1,635,15,7,8,1.3,1.3,1.1,19,1,449,532,84.4,34,426,26,24,12
"UEFA Champions League","2023-10-04","UEFA Champions League (Group stage)","Newcastle United","4-3-3",4,0.9,"Miguel Almirón · 17&rsquor; Dan Burn · 39&rsquor; Sean Longstaff · 50&rsquor; Fabian Schär · 90+1&rsquor;","3","0","Paris Saint-Germain","4-2-3-1",1,0.9,"Lucas Hernández · 56&rsquor;","4","0","Newcastle United","Home",990,4,3,0,0,12,8,3,0,366,19,8,13,1,1,0.6,19,7,187,269,69.5,23,224,8,17,6
"UEFA Champions League","2023-10-04","UEFA Champions League (Group stage)","Newcastle United","4-3-3",4,0.9,"Miguel Almirón · 17&rsquor; Dan Burn · 39&rsquor; Sean Longstaff · 50&rsquor; Fabian Schär · 90+1&rsquor;","3","0","Paris Saint-Germain","4-2-3-1",1,0.9,"Lucas Hernández · 56&rsquor;","4","0","Paris Saint-Germain","Away",990,1,1,0,0,11,2,4,0,807,14,6,8,0.9,0.9,0.9,22,2,632,727,86.9,52,660,30,22,9
"UEFA Champions League","2023-10-04","UEFA Champions League (Group stage)","Celtic","4-3-3",1,1.1,"Kyogo Furuhashi · 12&rsquor;","2","0","Lazio","4-3-3",2,0.7,"Matías Vecino · 29&rsquor; Pedro · 90+5&rsquor;","4","0","Celtic","Home",990,1,1,0,0,11,4,2,0,795,14,10,12,1.1,1.1,0.9,21,2,598,695,86,47,531,12,17,7
"UEFA Champions League","2023-10-04","UEFA Champions League (Group stage)","Celtic","4-3-3",1,1.1,"Kyogo Furuhashi · 12&rsquor;","2","0","Lazio","4-3-3",2,0.7,"Matías Vecino · 29&rsquor; Pedro · 90+5&rsquor;","4","0","Lazio","Away",990,2,2,0,0,9,3,4,0,671,18,11,12,0.8,0.8,0.7,17,3,471,572,82.3,34,444,14,17,8
"UEFA Champions League","2023-10-04","UEFA Champions League (Group stage)","Dortmund","4-2-3-1",0,1,"","3","0","Milan","4-3-3",0,1.6,"","2","0","Dortmund","Home",990,0,0,0,0,18,3,3,0,666,19,9,15,1,1,0.7,31,0,466,554,84.1,41,425,29,12,4
"UEFA Champions League","2023-10-04","UEFA Champions League (Group stage)","Dortmund","4-2-3-1",0,1,"","3","0","Milan","4-3-3",0,1.6,"","2","0","Milan","Away",990,0,0,0,0,14,2,2,0,531,19,10,15,1.7,1.7,1.4,25,0,327,412,79.4,27,328,20,21,10
"UEFA Champions League","2023-10-04","UEFA Champions League (Group stage)","Red Star","4-2-3-1",2,2.6,"Cherif Ndiaye · 35&rsquor; Osman Bukari · 88&rsquor;","6","0","Young Boys","4-3-3",2,2.6,"Filip Ugrinic · 48&rsquor; Cedric Itten (P) · 61&rsquor;","3","0","Red Star","Home",990,2,2,0,0,20,9,6,0,492,23,7,14,2.8,2.8,2.3,32,3,237,366,64.8,34,227,15,28,14
"UEFA Champions League","2023-10-04","UEFA Champions League (Group stage)","Red Star","4-2-3-1",2,2.6,"Cherif Ndiaye · 35&rsquor; Osman Bukari · 88&rsquor;","6","0","Young Boys","4-3-3",2,2.6,"Filip Ugrinic · 48&rsquor; Cedric Itten (P) · 61&rsquor;","3","0","Young Boys","Away",990,2,1,1,1,17,5,3,0,520,15,6,17,2.7,1.9,1.7,31,3,264,371,71.2,23,246,17,22,8
"UEFA Champions League","2023-10-04","UEFA Champions League (Group stage)","RB Leipzig","4-2-3-1",1,0.5,"Loïs Openda · 48&rsquor;","2","0","Manchester City","3-2-4-1",3,2.2,"Phil Foden · 25&rsquor; Julián Álvarez · 84&rsquor; Jeremy Doku · 90+2&rsquor;","1","0","RB Leipzig","Home",990,1,1,0,0,3,1,2,0,473,14,14,12,0.5,0.5,0.4,4,2,310,377,82.2,16,284,14,8,3
"UEFA Champions League","2023-10-04","UEFA Champions League (Group stage)","RB Leipzig","4-2-3-1",1,0.5,"Loïs Openda · 48&rsquor;","2","0","Manchester City","3-2-4-1",3,2.2,"Phil Foden · 25&rsquor; Julián Álvarez · 84&rsquor; Jeremy Doku · 90+2&rsquor;","1","0","Manchester City","Away",990,3,3,0,0,18,5,1,0,882,7,7,5,2.3,2.3,2,33,6,736,809,91,69,578,33,13,6
"UEFA Champions League","2023-10-24","UEFA Champions League (Group stage)","Internazionale","3-5-2",2,2.3,"Alexis Sánchez · 19&rsquor; Hakan Çalhanoğlu (P) · 64&rsquor;","1","0","Red Bull Salzburg","4-2-3-1",1,0.5,"Oscar Gloukh · 57&rsquor;","2","0","Internazionale","Home",990,2,1,1,1,16,2,1,0,657,15,7,11,2.4,1.6,1.4,32,4,454,558,81.4,38,488,16,7,4
"UEFA Champions League","2023-10-24","UEFA Champions League (Group stage)","Internazionale","3-5-2",2,2.3,"Alexis Sánchez · 19&rsquor; Hakan Çalhanoğlu (P) · 64&rsquor;","1","0","Red Bull Salzburg","4-2-3-1",1,0.5,"Oscar Gloukh · 57&rsquor;","2","0","Red Bull Salzburg","Away",990,1,1,0,0,11,6,2,0,565,7,3,15,0.5,0.5,0.4,19,2,365,459,79.5,38,386,18,14,9
"UEFA Champions League","2023-10-24","UEFA Champions League (Group stage)","Galatasaray","4-2-3-1",1,2.7,"Mauro Icardi (P) · 30&rsquor;","2","0","Bayern Munich","4-2-3-1",3,1.9,"Kingsley Coman · 8&rsquor; Harry Kane · 73&rsquor; Jamal Musiala · 79&rsquor;","3","0","Galatasaray","Home",990,1,0,1,1,19,3,2,0,612,23,9,10,2.7,1.9,1.5,37,2,397,496,80,57,409,18,27,12
"UEFA Champions League","2023-10-24","UEFA Champions League (Group stage)","Galatasaray","4-2-3-1",1,2.7,"Mauro Icardi (P) · 30&rsquor;","2","0","Bayern Munich","4-2-3-1",3,1.9,"Kingsley Coman · 8&rsquor; Harry Kane · 73&rsquor; Jamal Musiala · 79&rsquor;","3","0","Bayern Munich","Away",990,3,2,0,0,14,6,3,0,586,21,11,14,1.9,1.9,1.6,26,5,377,459,82.1,28,340,25,30,18
"UEFA Champions League","2023-10-24","UEFA Champions League (Group stage)","Braga","4-2-3-1",1,1.5,"Álvaro djaló · 63&rsquor;","0","0","Real Madrid","4-3-1-2",2,0.9,"Rodrygo · 16&rsquor; Jude Bellingham · 61&rsquor;","2","0","Braga","Home",990,1,1,0,0,16,3,0,0,612,19,2,6,1.5,1.5,1.3,29,2,448,521,86,44,436,24,16,8
"UEFA Champions League","2023-10-24","UEFA Champions League (Group stage)","Braga","4-2-3-1",1,1.5,"Álvaro djaló · 63&rsquor;","0","0","Real Madrid","4-3-1-2",2,0.9,"Rodrygo · 16&rsquor; Jude Bellingham · 61&rsquor;","2","0","Real Madrid","Away",990,2,1,0,0,13,6,2,0,670,12,6,8,0.9,0.9,0.5,23,4,513,574,89.4,42,516,27,19,7
"UEFA Champions League","2023-10-24","UEFA Champions League (Group stage)","Manchester United","4-2-3-1",1,1.7,"Harry Maguire · 72&rsquor;","2","0","FC Copenhagen","4-3-3",0,1.9,"","0","0","Manchester United","Home",990,1,1,0,0,15,5,2,0,667,11,8,12,1.8,1.8,1.3,27,2,460,552,83.3,51,385,21,20,9
"UEFA Champions League","2023-10-24","UEFA Champions League (Group stage)","Manchester United","4-2-3-1",1,1.7,"Harry Maguire · 72&rsquor;","2","0","FC Copenhagen","4-3-3",0,1.9,"","0","0","FC Copenhagen","Away",990,0,0,0,1,15,3,0,0,657,17,6,10,2.2,1.4,1.2,28,0,447,546,81.9,31,389,21,15,9
"UEFA Champions League","2023-10-24","UEFA Champions League (Group stage)","Benfica","4-2-3-1",0,0.5,"","1","0","Real Sociedad","4-3-3",1,0.9,"Brais Méndez · 63&rsquor;","2","0","Benfica","Home",990,0,0,0,0,10,3,1,0,515,25,7,6,0.5,0.5,0.3,16,0,301,392,76.8,23,252,8,24,8
"UEFA Champions League","2023-10-24","UEFA Champions League (Group stage)","Benfica","4-2-3-1",0,0.5,"","1","0","Real Sociedad","4-3-3",1,0.9,"Brais Méndez · 63&rsquor;","2","0","Real Sociedad","Away",990,1,1,0,0,12,2,2,0,747,21,6,13,0.9,0.9,0.9,21,2,539,637,84.6,60,509,30,34,20
"UEFA Champions League","2023-10-24","UEFA Champions League (Group stage)","Lens","3-4-3",1,1.2,"Elye Wahi · 65&rsquor;","4","0","PSV Eindhoven","4-3-3",1,0.5,"Johan Bakayoko · 54&rsquor;","3","0","Lens","Home",990,1,1,0,0,14,2,4,0,571,17,13,11,1.2,1.2,1,25,2,356,457,77.9,48,404,13,17,7
"UEFA Champions League","2023-10-24","UEFA Champions League (Group stage)","Lens","3-4-3",1,1.2,"Elye Wahi · 65&rsquor;","4","0","PSV Eindhoven","4-3-3",1,0.5,"Johan Bakayoko · 54&rsquor;","3","0","PSV Eindhoven","Away",990,1,1,0,0,10,2,3,0,636,12,10,14,0.5,0.5,0.3,20,2,425,531,80,29,458,15,17,9
"UEFA Champions League","2023-10-24","UEFA Champions League (Group stage)","Union Berlin","3-1-4-2",0,0.4,"","3","0","Napoli","4-3-3",1,0.2,"Giacomo Raspadori · 65&rsquor;","1","0","Union Berlin","Home",990,0,0,0,0,11,2,3,0,542,13,4,9,0.4,0.4,0.4,16,0,327,447,73.2,39,298,16,15,2
"UEFA Champions League","2023-10-24","UEFA Champions League (Group stage)","Union Berlin","3-1-4-2",0,0.4,"","3","0","Napoli","4-3-3",1,0.2,"Giacomo Raspadori · 65&rsquor;","1","0","Napoli","Away",990,1,1,0,0,6,1,1,0,738,15,8,9,0.2,0.2,0.2,12,2,541,639,84.7,40,408,22,22,12
"UEFA Champions League","2023-10-24","UEFA Champions League (Group stage)","Sevilla","4-2-3-1",1,0.8,"Nemanja Gudelj · 58&rsquor;","2","0","Arsenal","4-3-3",2,1.9,"Gabriel Martinelli · 45+3&rsquor; Gabriel Jesus · 53&rsquor;","1","0","Sevilla","Home",990,1,1,0,0,11,2,2,0,675,11,4,11,0.8,0.8,0.7,18,2,476,591,80.5,45,381,24,19,11
"UEFA Champions League","2023-10-24","UEFA Champions League (Group stage)","Sevilla","4-2-3-1",1,0.8,"Nemanja Gudelj · 58&rsquor;","2","0","Arsenal","4-3-3",2,1.9,"Gabriel Martinelli · 45+3&rsquor; Gabriel Jesus · 53&rsquor;","1","0","Arsenal","Away",990,2,2,0,0,14,4,1,0,564,14,7,13,1.9,1.9,1.9,26,4,358,451,79.4,41,356,28,17,8
"UEFA Champions League","2023-10-25","UEFA Champions League (Group stage)","Feyenoord","4-3-3",3,2.1,"Santiago Giménez · 31&rsquor; Ramiz Zerrouki · 45+2&rsquor; Santiago Giménez · 74&rsquor;","5","0","Lazio","4-3-3",1,2.3,"Pedro (P) · 83&rsquor;","7","0","Feyenoord","Home",990,3,3,0,0,15,5,5,0,650,13,8,16,2.2,2.2,1,28,5,477,555,85.9,39,398,23,17,11
"UEFA Champions League","2023-10-25","UEFA Champions League (Group stage)","Feyenoord","4-3-3",3,2.1,"Santiago Giménez · 31&rsquor; Ramiz Zerrouki · 45+2&rsquor; Santiago Giménez · 74&rsquor;","5","0","Lazio","4-3-3",1,2.3,"Pedro (P) · 83&rsquor;","7","0","Lazio","Away",990,1,0,1,1,7,3,7,0,742,14,5,11,2.3,1.5,0.6,15,2,573,660,86.8,43,463,9,16,7
"UEFA Champions League","2023-10-25","UEFA Champions League (Group stage)","Barcelona","4-3-3",2,2.6,"Ferrán Torres · 28&rsquor; Fermin López · 36&rsquor;","2","0","Shakhtar Donetsk","4-2-3-1",1,0.9,"Heorhiy Sudakov · 62&rsquor;","3","0","Barcelona","Home",990,2,2,0,0,19,6,2,0,669,3,4,19,2.7,2.7,2.2,33,3,471,564,83.5,50,395,25,39,14
"UEFA Champions League","2023-10-25","UEFA Champions League (Group stage)","Barcelona","4-3-3",2,2.6,"Ferrán Torres · 28&rsquor; Fermin López · 36&rsquor;","2","0","Shakhtar Donetsk","4-2-3-1",1,0.9,"Heorhiy Sudakov · 62&rsquor;","3","0","Shakhtar Donetsk","Away",990,1,1,0,0,11,1,3,0,590,27,6,17,0.9,0.9,0.8,18,2,387,471,82.2,23,385,18,8,8
"UEFA Champions League","2023-10-25","UEFA Champions League (Group stage)","Celtic","4-3-3",2,0.9,"Kyogo Furuhashi · 4&rsquor; Luis Enrique Palma · 28&rsquor;","3","0","Atlético Madrid","3-5-2",2,2.1,"Antoine Griezmann · 25&rsquor; Álvaro Morata · 53&rsquor; Rodrigo De Paul · 82&rsquor;","6","1","Celtic","Home",990,2,2,0,0,6,3,3,0,812,9,9,11,0.9,0.9,0.9,12,4,597,711,84,73,491,17,14,6
"UEFA Champions League","2023-10-25","UEFA Champions League (Group stage)","Celtic","4-3-3",2,0.9,"Kyogo Furuhashi · 4&rsquor; Luis Enrique Palma · 28&rsquor;","3","0","Atlético Madrid","3-5-2",2,2.1,"Antoine Griezmann · 25&rsquor; Álvaro Morata · 53&rsquor; Rodrigo De Paul · 82&rsquor;","6","1","Atlético Madrid","Away",981,2,1,0,1,14,5,5,1,722,12,11,17,2.1,1.1,1.1,28,3,501,620,80.8,42,446,18,15,10
"UEFA Champions League","2023-10-25","UEFA Champions League (Group stage)","Newcastle United","4-3-3",0,1.1,"","1","0","Dortmund","4-3-3",1,1.8,"Felix Nmecha · 45&rsquor;","1","0","Newcastle United","Home",990,0,0,0,0,12,3,1,0,638,6,9,16,1.1,1.1,0.9,19,0,426,534,79.8,42,332,16,18,5
"UEFA Champions League","2023-10-25","UEFA Champions League (Group stage)","Newcastle United","4-3-3",0,1.1,"","1","0","Dortmund","4-3-3",1,1.8,"Felix Nmecha · 45&rsquor;","1","0","Dortmund","Away",990,1,1,0,0,13,5,1,0,497,16,13,20,2,2,1.2,21,2,262,365,71.8,23,249,18,5,1
"UEFA Champions League","2023-10-25","UEFA Champions League (Group stage)","Antwerp","4-2-3-1",1,0.7,"Alhassan Yusuf · 37&rsquor;","2","0","Porto","4-4-2",4,1.3,"Evanilson · 46&rsquor; Stephen Eustáquio · 54&rsquor; Evanilson · 69&rsquor; Evanilson · 84&rsquor;","3","0","Antwerp","Home",990,1,0,0,0,11,2,2,0,621,21,8,16,0.7,0.7,0.3,21,1,402,514,78.2,34,438,17,13,6
"UEFA Champions League","2023-10-25","UEFA Champions League (Group stage)","Antwerp","4-2-3-1",1,0.7,"Alhassan Yusuf · 37&rsquor;","2","0","Porto","4-4-2",4,1.3,"Evanilson · 46&rsquor; Stephen Eustáquio · 54&rsquor; Evanilson · 69&rsquor; Evanilson · 84&rsquor;","3","0","Porto","Away",990,4,4,0,0,11,7,3,0,558,18,10,10,1.3,1.3,1.2,21,8,330,424,77.8,28,361,21,28,14
"UEFA Champions League","2023-10-25","UEFA Champions League (Group stage)","Young Boys","4-3-3",1,0.4,"Meschak Elia · 52&rsquor;","2","0","Manchester City","3-2-4-1",3,4.2,"Manuel Akanji · 48&rsquor; Erling Haaland (P) · 67&rsquor; Erling Haaland · 86&rsquor;","0","0","Young Boys","Home",990,1,1,0,0,10,4,2,0,455,20,2,16,0.4,0.4,0.4,16,2,301,362,83.1,18,264,12,10,4
"UEFA Champions League","2023-10-25","UEFA Champions League (Group stage)","Young Boys","4-3-3",1,0.4,"Meschak Elia · 52&rsquor;","2","0","Manchester City","3-2-4-1",3,4.2,"Manuel Akanji · 48&rsquor; Erling Haaland (P) · 67&rsquor; Erling Haaland · 86&rsquor;","0","0","Manchester City","Away",990,3,1,1,1,25,12,0,0,841,8,5,8,4.3,3.5,2.3,48,5,699,754,92.7,63,569,33,27,14
"UEFA Champions League","2023-10-25","UEFA Champions League (Group stage)","RB Leipzig","4-4-2",3,3.1,"David Raum · 12&rsquor; Xavi Simons · 59&rsquor; Dani Olmo · 84&rsquor;","1","0","Red Star","3-5-2",1,1,"Marko Stamenic · 70&rsquor;","4","0","RB Leipzig","Home",990,3,2,0,0,27,10,1,0,719,18,2,7,3.4,3.4,1.8,49,5,516,602,85.7,47,488,33,16,8
"UEFA Champions League","2023-10-25","UEFA Champions League (Group stage)","RB Leipzig","4-4-2",3,3.1,"David Raum · 12&rsquor; Xavi Simons · 59&rsquor; Dani Olmo · 84&rsquor;","1","0","Red Star","3-5-2",1,1,"Marko Stamenic · 70&rsquor;","4","0","Red Star","Away",990,1,0,0,0,16,4,4,0,462,15,13,21,1,1,0.3,24,1,255,328,77.7,29,240,17,20,7
"UEFA Champions League","2023-10-25","UEFA Champions League (Group stage)","Paris Saint-Germain","4-3-3",3,1.3,"Kylian Mbappé · 32&rsquor; Randal Kolo Muani · 53&rsquor; Lee Kang-in · 89&rsquor;","2","0","Milan","4-3-3",0,0.6,"","4","0","Paris Saint-Germain","Home",990,3,2,0,0,13,7,2,0,634,11,5,5,1.3,1.3,0.9,19,5,468,548,85.4,36,498,30,18,6
"UEFA Champions League","2023-10-25","UEFA Champions League (Group stage)","Paris Saint-Germain","4-3-3",3,1.3,"Kylian Mbappé · 32&rsquor; Randal Kolo Muani · 53&rsquor; Lee Kang-in · 89&rsquor;","2","0","Milan","4-3-3",0,0.6,"","4","0","Milan","Away",990,0,0,0,0,11,4,4,0,461,21,7,7,0.6,0.6,0.5,20,0,276,350,78.9,34,318,17,19,10
"UEFA Champions League","2023-11-07","UEFA Champions League (Group stage)","Dortmund","4-2-3-1",2,1.4,"Niclas Füllkrug · 26&rsquor; Julian Brandt · 79&rsquor;","0","0","Newcastle United","4-3-3",0,0.6,"","1","0","Dortmund","Home",990,2,2,0,0,17,8,0,0,565,27,10,9,1.4,1.4,1.3,30,3,345,439,78.6,31,317,17,20,9
"UEFA Champions League","2023-11-07","UEFA Champions League (Group stage)","Dortmund","4-2-3-1",2,1.4,"Niclas Füllkrug · 26&rsquor; Julian Brandt · 79&rsquor;","0","0","Newcastle United","4-3-3",0,0.6,"","1","0","Newcastle United","Away",990,0,0,0,0,10,5,1,0,613,17,6,15,0.6,0.6,0.4,18,0,422,512,82.4,50,365,13,20,4
"UEFA Champions League","2023-11-07","UEFA Champions League (Group stage)","Shakhtar Donetsk","4-1-4-1",1,0.9,"Danylo Sikan · 40&rsquor;","1","0","Barcelona","4-3-3",0,0.9,"","1","0","Shakhtar Donetsk","Home",990,1,1,0,0,9,4,1,0,494,17,8,10,0.9,0.9,0.8,16,2,278,373,74.5,17,313,10,11,2
"UEFA Champions League","2023-11-07","UEFA Champions League (Group stage)","Shakhtar Donetsk","4-1-4-1",1,0.9,"Danylo Sikan · 40&rsquor;","1","0","Barcelona","4-3-3",0,0.9,"","1","0","Barcelona","Away",990,0,0,0,0,13,1,1,0,872,19,8,12,0.9,0.9,0.9,25,0,670,766,87.5,94,639,36,31,18
"UEFA Champions League","2023-11-07","UEFA Champions League (Group stage)","Porto","4-4-2",2,2.2,"Evanilson (P) · 32&rsquor; Pepe · 90+1&rsquor;","2","0","Antwerp","4-2-3-1",0,0.6,"Jurgen Ekkelenkamp · 52&rsquor;","3","1","Porto","Home",990,2,1,1,1,15,5,2,0,819,17,4,11,2.3,1.5,1.4,29,4,608,703,86.5,65,613,19,20,11
"UEFA Champions League","2023-11-07","UEFA Champions League (Group stage)","Porto","4-4-2",2,2.2,"Evanilson (P) · 32&rsquor; Pepe · 90+1&rsquor;","2","0","Antwerp","4-2-3-1",0,0.6,"Jurgen Ekkelenkamp · 52&rsquor;","3","1","Antwerp","Away",951,0,0,0,0,4,1,3,1,443,12,7,11,0.6,0.6,0.6,6,0,240,339,70.8,20,242,8,21,9
"UEFA Champions League","2023-11-07","UEFA Champions League (Group stage)","Manchester City","3-2-4-1",3,3.4,"Erling Haaland (P) · 23&rsquor; Phil Foden · 45+1&rsquor; Erling Haaland · 51&rsquor;","0","0","Young Boys","5-4-1",0,0,"Sandro Lauper · 53&rsquor;","5","1","Manchester City","Home",990,3,2,1,1,26,8,0,0,838,12,3,7,3.6,2.8,2,52,6,684,750,91.2,58,589,42,20,13
"UEFA Champions League","2023-11-07","UEFA Champions League (Group stage)","Manchester City","3-2-4-1",3,3.4,"Erling Haaland (P) · 23&rsquor; Phil Foden · 45+1&rsquor; Erling Haaland · 51&rsquor;","0","0","Young Boys","5-4-1",0,0,"Sandro Lauper · 53&rsquor;","5","1","Young Boys","Away",952,0,0,0,0,0,0,4,1,388,12,12,23,0,0,0,0,0,238,300,79.3,13,228,9,10,4
"UEFA Champions League","2023-11-07","UEFA Champions League (Group stage)","Red Star","5-3-2",1,1.5,"Benjamin Henrichs (OG) · 81&rsquor;","6","0","RB Leipzig","4-4-2",2,2.3,"Xavi Simons · 8&rsquor; Loïs Openda · 77&rsquor;","3","0","Red Star","Home",990,0,0,0,0,15,3,6,0,621,13,8,20,1.6,1.6,0.5,27,0,388,496,78.2,48,294,12,25,14
"UEFA Champions League","2023-11-07","UEFA Champions League (Group stage)","Red Star","5-3-2",1,1.5,"Benjamin Henrichs (OG) · 81&rsquor;","6","0","RB Leipzig","4-4-2",2,2.3,"Xavi Simons · 8&rsquor; Loïs Openda · 77&rsquor;","3","0","RB Leipzig","Away",990,2,2,0,0,24,4,3,0,632,20,9,16,2.3,2.3,2.3,46,4,403,496,81.3,28,370,18,19,11
"UEFA Champions League","2023-11-07","UEFA Champions League (Group stage)","Lazio","4-3-3",1,1.1,"Ciro Immobile · 45+1&rsquor;","2","0","Feyenoord","4-3-3",0,1.4,"","3","0","Lazio","Home",990,1,1,0,0,9,1,2,0,512,17,13,17,1.1,1.1,1,13,2,321,402,79.9,32,267,17,13,6
"UEFA Champions League","2023-11-07","UEFA Champions League (Group stage)","Lazio","4-3-3",1,1.1,"Ciro Immobile · 45+1&rsquor;","2","0","Feyenoord","4-3-3",0,1.4,"","3","0","Feyenoord","Away",990,0,0,0,0,12,3,3,0,803,9,8,10,1.4,1.4,1.2,19,0,635,715,88.8,52,574,19,25,15
"UEFA Champions League","2023-11-07","UEFA Champions League (Group stage)","Atlético Madrid","5-3-2",6,2.9,"Antoine Griezmann · 6&rsquor; Álvaro Morata · 45+2&rsquor; Antoine Griezmann · 60&rsquor; Samuel Lino · 66&rsquor; Álvaro Morata · 76&rsquor; Saúl Ñíguez · 84&rsquor;","1","0","Celtic","4-3-3",0,0,"Daizen Maeda · 23&rsquor;","3","1","Atlético Madrid","Home",990,6,4,0,0,27,12,1,0,932,16,7,8,3,3,2.6,51,10,742,818,90.7,70,488,22,26,14
"UEFA Champions League","2023-11-07","UEFA Champions League (Group stage)","Atlético Madrid","5-3-2",6,2.9,"Antoine Griezmann · 6&rsquor; Álvaro Morata · 45+2&rsquor; Antoine Griezmann · 60&rsquor; Samuel Lino · 66&rsquor; Álvaro Morata · 76&rsquor; Saúl Ñíguez · 84&rsquor;","1","0","Celtic","4-3-3",0,0,"Daizen Maeda · 23&rsquor;","3","1","Celtic","Away",922,0,0,0,0,1,1,3,1,555,16,4,15,0,0,0,2,0,374,441,84.8,26,295,8,17,8
"UEFA Champions League","2023-11-07","UEFA Champions League (Group stage)","Milan","4-2-3-1",2,1.4,"Rafael Leão · 12&rsquor; Olivier Giroud · 50&rsquor;","1","0","Paris Saint-Germain","4-3-3",1,1.5,"Milan Škriniar · 9&rsquor;","5","0","Milan","Home",990,2,2,0,0,16,8,1,0,413,17,7,11,1.5,1.5,1,31,3,213,284,75,26,254,20,29,14
"UEFA Champions League","2023-11-07","UEFA Champions League (Group stage)","Milan","4-2-3-1",2,1.4,"Rafael Leão · 12&rsquor; Olivier Giroud · 50&rsquor;","1","0","Paris Saint-Germain","4-3-3",1,1.5,"Milan Škriniar · 9&rsquor;","5","0","Paris Saint-Germain","Away",990,1,1,0,0,17,6,5,0,731,13,5,6,1.5,1.5,1.4,32,1,554,629,88.1,60,593,46,23,12
"UEFA Champions League","2023-11-08","UEFA Champions League (Group stage)","Napoli","4-3-3",1,1.7,"Matteo Politano · 39&rsquor;","1","0","Union Berlin","3-5-2",1,1.1,"David Datro Fofana · 52&rsquor;","3","0","Napoli","Home",990,1,0,0,0,27,5,1,0,910,11,4,12,1.7,1.7,1.3,52,2,685,810,84.6,79,541,30,22,15
"UEFA Champions League","2023-11-08","UEFA Champions League (Group stage)","Napoli","4-3-3",1,1.7,"Matteo Politano · 39&rsquor;","1","0","Union Berlin","3-5-2",1,1.1,"David Datro Fofana · 52&rsquor;","3","0","Union Berlin","Away",990,1,0,0,0,15,6,3,0,436,12,8,17,1.1,1.1,0.7,27,1,203,301,67.4,24,182,10,14,8
"UEFA Champions League","2023-11-08","UEFA Champions League (Group stage)","Real Sociedad","4-3-3",3,3.3,"Mikel Merino · 6&rsquor; Mikel Oyarzabal · 11&rsquor; Ander Barrenetxea · 21&rsquor;","2","0","Benfica","3-4-3",1,0.8,"Rafa Silva · 49&rsquor;","1","0","Real Sociedad","Home",990,3,2,0,1,16,6,2,0,584,23,8,13,3.4,2.6,1.8,29,4,343,448,76.6,44,331,20,36,13
"UEFA Champions League","2023-11-08","UEFA Champions League (Group stage)","Real Sociedad","4-3-3",3,3.3,"Mikel Merino · 6&rsquor; Mikel Oyarzabal · 11&rsquor; Ander Barrenetxea · 21&rsquor;","2","0","Benfica","3-4-3",1,0.8,"Rafa Silva · 49&rsquor;","1","0","Benfica","Away",990,1,1,0,0,11,4,1,0,554,25,9,13,0.9,0.9,0.8,19,2,308,420,73.3,17,237,7,18,5
"UEFA Champions League","2023-11-08","UEFA Champions League (Group stage)","Arsenal","4-3-3",2,1.5,"Leandro Trossard · 29&rsquor; Bukayo Saka · 64&rsquor;","2","0","Sevilla","4-2-3-1",0,0,"","3","0","Arsenal","Home",990,2,2,0,0,11,3,2,0,681,13,8,7,1.5,1.5,1.4,18,4,492,585,84.1,57,400,29,32,14
"UEFA Champions League","2023-11-08","UEFA Champions League (Group stage)","Arsenal","4-3-3",2,1.5,"Leandro Trossard · 29&rsquor; Bukayo Saka · 64&rsquor;","2","0","Sevilla","4-2-3-1",0,0,"","3","0","Sevilla","Away",990,0,0,0,0,1,1,3,0,461,29,7,4,0,0,0,2,0,271,364,74.5,8,227,7,8,2
"UEFA Champions League","2023-11-08","UEFA Champions League (Group stage)","Bayern Munich","4-2-3-1",2,2.5,"Harry Kane · 80&rsquor; Harry Kane · 86&rsquor;","1","0","Galatasaray","4-2-3-1",1,0.7,"Cédric Bakambu · 90+3&rsquor;","2","0","Bayern Munich","Home",990,2,2,0,0,16,4,1,0,714,13,10,8,2.6,2.6,2.5,29,4,523,615,85,52,415,24,22,10
"UEFA Champions League","2023-11-08","UEFA Champions League (Group stage)","Bayern Munich","4-2-3-1",2,2.5,"Harry Kane · 80&rsquor; Harry Kane · 86&rsquor;","1","0","Galatasaray","4-2-3-1",1,0.7,"Cédric Bakambu · 90+3&rsquor;","2","0","Galatasaray","Away",990,1,1,0,0,6,2,2,0,502,16,12,12,0.7,0.7,0.5,10,1,298,390,76.4,29,321,6,18,7
"UEFA Champions League","2023-11-08","UEFA Champions League (Group stage)","Real Madrid","4-3-1-2",3,3.2,"Brahim Díaz · 27&rsquor; Vinicius Júnior · 58&rsquor; Rodrygo · 61&rsquor;","1","0","Braga","4-3-3",0,1.4,"","0","0","Real Madrid","Home",990,3,3,0,0,18,7,1,0,672,17,8,7,3.2,3.2,3.1,32,6,496,558,88.9,59,513,28,29,17
"UEFA Champions League","2023-11-08","UEFA Champions League (Group stage)","Real Madrid","4-3-1-2",3,3.2,"Brahim Díaz · 27&rsquor; Vinicius Júnior · 58&rsquor; Rodrygo · 61&rsquor;","1","0","Braga","4-3-3",0,1.4,"","0","0","Braga","Away",990,0,0,0,1,8,3,0,0,722,25,10,13,1.4,0.6,0.6,18,0,537,605,88.8,32,503,24,19,11
"UEFA Champions League","2023-11-08","UEFA Champions League (Group stage)","FC Copenhagen","4-3-3",4,2.2,"Mohamed Elyounoussi · 45&rsquor; Diogo Gonçalves (P) · 45+9&rsquor; Lukas Lerager · 83&rsquor; Roony Bardghji · 87&rsquor;","1","0","Manchester United","4-2-3-1",3,3,"Rasmus Højlund · 3&rsquor; Rasmus Højlund · 28&rsquor; Marcus Rashford · 42&rsquor; Bruno Fernandes (P) · 69&rsquor;","1","1","FC Copenhagen","Home",990,4,2,1,1,15,7,1,0,652,18,4,5,2.2,1.4,1.1,27,7,485,569,85.2,52,395,22,11,6
"UEFA Champions League","2023-11-08","UEFA Champions League (Group stage)","FC Copenhagen","4-3-3",4,2.2,"Mohamed Elyounoussi · 45&rsquor; Diogo Gonçalves (P) · 45+9&rsquor; Lukas Lerager · 83&rsquor; Roony Bardghji · 87&rsquor;","1","0","Manchester United","4-2-3-1",3,3,"Rasmus Højlund · 3&rsquor; Rasmus Højlund · 28&rsquor; Marcus Rashford · 42&rsquor; Bruno Fernandes (P) · 69&rsquor;","1","1","Manchester United","Away",941,3,1,1,1,8,7,1,1,608,12,10,6,3.2,2.4,1.4,13,4,432,517,83.6,29,374,14,20,6
"UEFA Champions League","2023-11-08","UEFA Champions League (Group stage)","Red Bull Salzburg","4-2-2-2",0,0.8,"","2","0","Internazionale","3-5-2",1,2,"Lautaro Martínez (P) · 85&rsquor;","2","0","Red Bull Salzburg","Home",990,0,0,0,0,14,4,2,0,593,19,9,14,0.8,0.8,0.6,24,0,376,465,80.9,35,405,26,27,15
"UEFA Champions League","2023-11-08","UEFA Champions League (Group stage)","Red Bull Salzburg","4-2-2-2",0,0.8,"","2","0","Internazionale","3-5-2",1,2,"Lautaro Martínez (P) · 85&rsquor;","2","0","Internazionale","Away",990,1,0,1,1,16,5,2,0,594,18,6,11,2.1,1.3,1.2,27,1,375,465,80.6,38,409,19,23,9
"UEFA Champions League","2023-11-08","UEFA Champions League (Group stage)","PSV Eindhoven","4-2-3-1",1,0.8,"Luuk de Jong · 12&rsquor;","2","0","Lens","3-4-3",0,1.1,"Morgan Guilavogui · 90+2&rsquor;","9","1","PSV Eindhoven","Home",990,1,1,0,0,14,7,2,0,551,23,9,17,0.8,0.8,0.8,26,2,305,425,71.8,35,288,12,14,6
"UEFA Champions League","2023-11-08","UEFA Champions League (Group stage)","PSV Eindhoven","4-2-3-1",1,0.8,"Luuk de Jong · 12&rsquor;","2","0","Lens","3-4-3",0,1.1,"Morgan Guilavogui · 90+2&rsquor;","9","1","Lens","Away",989,0,0,0,0,15,3,8,1,628,14,10,14,1.2,1.2,0.6,28,0,382,509,75,38,351,15,13,5
"UEFA Champions League","2023-11-28","UEFA Champions League (Group stage)","Lazio","4-3-3",2,2.3,"Ciro Immobile · 82&rsquor; Ciro Immobile · 85&rsquor;","3","0","Celtic","4-3-3",0,0.4,"","4","0","Lazio","Home",990,2,1,0,0,22,5,3,0,635,21,15,6,2.3,2.3,1.9,42,3,452,535,84.5,57,362,20,17,8
"UEFA Champions League","2023-11-28","UEFA Champions League (Group stage)","Lazio","4-3-3",2,2.3,"Ciro Immobile · 82&rsquor; Ciro Immobile · 85&rsquor;","3","0","Celtic","4-3-3",0,0.4,"","4","0","Celtic","Away",990,0,0,0,0,7,4,4,0,724,12,10,9,0.4,0.4,0.4,13,0,554,636,87.1,28,497,11,22,7
"UEFA Champions League","2023-11-28","UEFA Champions League (Group stage)","Shakhtar Donetsk","4-1-4-1",1,1.3,"Mykola Matviyenko · 12&rsquor;","2","0","Antwerp","4-2-3-1",0,1.1,"Arbnor Muja · 90+7&rsquor;","5","1","Shakhtar Donetsk","Home",990,1,1,0,0,15,5,2,0,537,15,11,14,1.4,1.4,0.8,20,1,316,402,78.6,22,340,12,20,10
"UEFA Champions League","2023-11-28","UEFA Champions League (Group stage)","Shakhtar Donetsk","4-1-4-1",1,1.3,"Mykola Matviyenko · 12&rsquor;","2","0","Antwerp","4-2-3-1",0,1.1,"Arbnor Muja · 90+7&rsquor;","5","1","Antwerp","Away",989,0,0,0,0,14,6,4,1,640,17,9,16,1.1,1.1,0.7,25,0,434,527,82.4,56,416,20,21,15
"UEFA Champions League","2023-11-28","UEFA Champions League (Group stage)","Manchester City","3-2-4-1",3,1.8,"Erling Haaland · 54&rsquor; Phil Foden · 70&rsquor; Julián Álvarez · 87&rsquor;","1","0","RB Leipzig","5-4-1",2,0.5,"Loïs Openda · 13&rsquor; Loïs Openda · 33&rsquor;","0","0","Manchester City","Home",990,3,3,0,0,14,6,1,0,903,6,9,3,1.8,1.8,1.4,25,6,767,827,92.7,74,684,28,22,12
"UEFA Champions League","2023-11-28","UEFA Champions League (Group stage)","Manchester City","3-2-4-1",3,1.8,"Erling Haaland · 54&rsquor; Phil Foden · 70&rsquor; Julián Álvarez · 87&rsquor;","1","0","RB Leipzig","5-4-1",2,0.5,"Loïs Openda · 13&rsquor; Loïs Openda · 33&rsquor;","0","0","RB Leipzig","Away",990,2,2,0,0,5,3,0,0,447,14,14,8,0.5,0.5,0.5,9,4,294,360,81.7,12,248,10,10,5
"UEFA Champions League","2023-11-28","UEFA Champions League (Group stage)","Young Boys","4-4-2",2,1.3,"Kosta Nedeljković (OG) · 8&rsquor; Lewin Blum · 29&rsquor;","0","0","Red Star","4-1-2-1-2",0,1.8,"","0","0","Young Boys","Home",990,1,1,0,0,22,6,0,0,543,25,12,14,1.3,1.3,0.9,41,2,306,421,72.7,37,290,16,17,12
"UEFA Champions League","2023-11-28","UEFA Champions League (Group stage)","Young Boys","4-4-2",2,1.3,"Kosta Nedeljković (OG) · 8&rsquor; Lewin Blum · 29&rsquor;","0","0","Red Star","4-1-2-1-2",0,1.8,"","0","0","Red Star","Away",990,0,0,0,0,18,3,0,0,595,14,11,12,1.8,1.8,1.7,33,0,357,466,76.6,38,306,22,24,13
"UEFA Champions League","2023-11-28","UEFA Champions League (Group stage)","Paris Saint-Germain","4-3-3",1,4.4,"Kylian Mbappé (P) · 90+8&rsquor;","6","0","Newcastle United","4-3-3",1,1.3,"Alexander Isak · 24&rsquor;","3","0","Paris Saint-Germain","Home",990,1,0,1,1,30,6,6,0,955,19,10,6,4.5,3.7,3.3,58,1,738,827,89.2,101,775,35,28,11
"UEFA Champions League","2023-11-28","UEFA Champions League (Group stage)","Paris Saint-Germain","4-3-3",1,4.4,"Kylian Mbappé (P) · 90+8&rsquor;","6","0","Newcastle United","4-3-3",1,1.3,"Alexander Isak · 24&rsquor;","3","0","Newcastle United","Away",990,1,1,0,0,5,2,3,0,471,24,8,18,1.3,1.3,0.6,8,1,233,319,73,17,269,12,18,4
"UEFA Champions League","2023-11-28","UEFA Champions League (Group stage)","Barcelona","4-3-3",2,1.8,"João Cancelo · 32&rsquor; João Félix · 57&rsquor;","2","0","Porto","4-4-2",1,1.1,"Pepê · 30&rsquor;","3","0","Barcelona","Home",990,2,2,0,0,21,7,2,0,614,13,9,14,1.9,1.9,1.4,34,4,406,503,80.7,46,353,26,26,16
"UEFA Champions League","2023-11-28","UEFA Champions League (Group stage)","Barcelona","4-3-3",2,1.8,"João Cancelo · 32&rsquor; João Félix · 57&rsquor;","2","0","Porto","4-4-2",1,1.1,"Pepê · 30&rsquor;","3","0","Porto","Away",990,1,1,0,0,13,5,3,0,540,20,10,18,1.2,1.2,0.8,23,1,340,427,79.6,28,291,12,12,4
"UEFA Champions League","2023-11-28","UEFA Champions League (Group stage)","Milan","4-2-3-1",1,2.1,"Samuel Chukwueze · 37&rsquor;","1","0","Dortmund","4-2-3-1",3,1.8,"Marco Reus (P) · 10&rsquor; Jamie Gittens · 59&rsquor; Karim Adeyemi · 69&rsquor;","1","0","Milan","Home",990,1,1,0,1,16,3,1,0,664,15,8,13,2.2,1.4,1.2,31,2,484,553,87.5,58,430,29,27,10
"UEFA Champions League","2023-11-28","UEFA Champions League (Group stage)","Milan","4-2-3-1",1,2.1,"Samuel Chukwueze · 37&rsquor;","1","0","Dortmund","4-2-3-1",3,1.8,"Marco Reus (P) · 10&rsquor; Jamie Gittens · 59&rsquor; Karim Adeyemi · 69&rsquor;","1","0","Dortmund","Away",990,3,2,1,1,11,3,1,0,591,23,6,10,1.8,1,0.9,23,6,399,477,83.6,34,401,21,16,11
"UEFA Champions League","2023-11-28","UEFA Champions League (Group stage)","Feyenoord","4-2-3-1",1,1.1,"Mats Wieffer · 77&rsquor;","0","0","Atlético Madrid","5-3-2",3,1.3,"Lutsharel Geertruida (OG) · 14&rsquor; Mario Hermoso · 57&rsquor; Santiago Giménez (OG) · 81&rsquor;","0","0","Feyenoord","Home",990,1,1,0,0,12,4,0,0,711,17,11,13,1.1,1.1,1.1,23,2,497,594,83.7,76,467,19,31,20
"UEFA Champions League","2023-11-28","UEFA Champions League (Group stage)","Feyenoord","4-2-3-1",1,1.1,"Mats Wieffer · 77&rsquor;","0","0","Atlético Madrid","5-3-2",3,1.3,"Lutsharel Geertruida (OG) · 14&rsquor; Mario Hermoso · 57&rsquor; Santiago Giménez (OG) · 81&rsquor;","0","0","Atlético Madrid","Away",990,1,1,0,0,9,3,0,0,699,16,7,16,1.3,1.3,1.2,18,2,480,581,82.6,33,348,22,20,6
"UEFA Champions League","2023-11-29","UEFA Champions League (Group stage)","Sevilla","4-3-3",2,1.8,"Sergio Ramos · 24&rsquor; Youssef En-Nesyri · 47&rsquor; Lucas Ocampos · 66&rsquor; Fernando · 90+8&rsquor;","3","2","PSV Eindhoven","4-2-3-1",3,2.2,"Ismael Saibari · 68&rsquor; Nemanja Gudelj (OG) · 81&rsquor; Ricardo Pepi · 90+2&rsquor;","1","0","Sevilla","Home",965,2,2,0,0,11,4,2,2,447,21,8,9,1.8,1.8,1.7,21,4,249,353,70.5,23,243,7,18,8
"UEFA Champions League","2023-11-29","UEFA Champions League (Group stage)","Sevilla","4-3-3",2,1.8,"Sergio Ramos · 24&rsquor; Youssef En-Nesyri · 47&rsquor; Lucas Ocampos · 66&rsquor; Fernando · 90+8&rsquor;","3","2","PSV Eindhoven","4-2-3-1",3,2.2,"Ismael Saibari · 68&rsquor; Nemanja Gudelj (OG) · 81&rsquor; Ricardo Pepi · 90+2&rsquor;","1","0","PSV Eindhoven","Away",990,2,2,0,0,16,7,1,0,628,10,4,10,2.2,2.2,1.4,29,4,428,521,82.1,48,382,21,23,11
"UEFA Champions League","2023-11-29","UEFA Champions League (Group stage)","Benfica","4-2-3-1",3,1.6,"João Mário · 5&rsquor; João Mário · 13&rsquor; João Mário · 34&rsquor; António Silva · 86&rsquor;","2","1","Internazionale","3-1-4-2",3,3,"Marko Arnautović · 51&rsquor; Davide Frattesi · 58&rsquor; Alexis Sánchez (P) · 72&rsquor;","1","0","Benfica","Home",985,3,1,0,0,11,5,2,1,560,21,7,12,1.6,1.6,0.5,20,5,393,458,85.8,32,287,27,12,6
"UEFA Champions League","2023-11-29","UEFA Champions League (Group stage)","Benfica","4-2-3-1",3,1.6,"João Mário · 5&rsquor; João Mário · 13&rsquor; João Mário · 34&rsquor; António Silva · 86&rsquor;","2","1","Internazionale","3-1-4-2",3,3,"Marko Arnautović · 51&rsquor; Davide Frattesi · 58&rsquor; Alexis Sánchez (P) · 72&rsquor;","1","0","Internazionale","Away",990,3,1,1,1,13,7,1,0,746,14,6,10,3,2.2,1.4,25,5,582,647,90,41,486,16,22,8
"UEFA Champions League","2023-11-29","UEFA Champions League (Group stage)","Arsenal","4-3-3",6,2.6,"Kai Havertz · 13&rsquor; Gabriel Jesus · 21&rsquor; Bukayo Saka · 23&rsquor; Gabriel Martinelli · 27&rsquor; Martin Ødegaard · 45+1&rsquor; Jorginho (P) · 86&rsquor;","0","0","Lens","3-4-3",0,0.4,"","3","0","Arsenal","Home",990,6,4,1,1,13,7,0,0,591,21,4,11,2.6,1.8,1.3,23,9,410,474,86.5,27,434,11,22,8
"UEFA Champions League","2023-11-29","UEFA Champions League (Group stage)","Arsenal","4-3-3",6,2.6,"Kai Havertz · 13&rsquor; Gabriel Jesus · 21&rsquor; Bukayo Saka · 23&rsquor; Gabriel Martinelli · 27&rsquor; Martin Ødegaard · 45+1&rsquor; Jorginho (P) · 86&rsquor;","0","0","Lens","3-4-3",0,0.4,"","3","0","Lens","Away",990,0,0,0,0,6,3,3,0,599,19,6,9,0.4,0.4,0.3,10,0,434,523,83,20,455,18,20,8
"UEFA Champions League","2023-11-29","UEFA Champions League (Group stage)","Braga","4-2-3-1",1,1.8,"Sikou Niakaté · 31&rsquor; Álvaro djaló · 51&rsquor;","2","1","Union Berlin","4-1-4-1",1,0.8,"Robin Gosens · 42&rsquor;","4","0","Braga","Home",930,1,1,0,0,18,1,2,1,693,16,11,13,2.1,2.1,1.3,31,2,503,586,85.8,46,375,12,16,8
"UEFA Champions League","2023-11-29","UEFA Champions League (Group stage)","Braga","4-2-3-1",1,1.8,"Sikou Niakaté · 31&rsquor; Álvaro djaló · 51&rsquor;","2","1","Union Berlin","4-1-4-1",1,0.8,"Robin Gosens · 42&rsquor;","4","0","Union Berlin","Away",990,1,1,0,0,6,2,4,0,641,23,4,20,0.8,0.8,0.7,10,2,432,517,83.6,38,338,22,13,5
"UEFA Champions League","2023-11-29","UEFA Champions League (Group stage)","Galatasaray","4-2-3-1",3,1.5,"Hakim Ziyech · 29&rsquor; Hakim Ziyech · 62&rsquor; Kerem Aktürkoğlu · 71&rsquor;","2","0","Manchester United","4-2-3-1",3,1.6,"Alejandro Garnacho · 11&rsquor; Bruno Fernandes · 18&rsquor; Scott McTominay · 55&rsquor;","4","0","Galatasaray","Home",990,3,1,0,0,16,7,2,0,584,20,7,11,1.6,1.6,0.8,28,6,372,478,77.8,34,374,19,15,6
"UEFA Champions League","2023-11-29","UEFA Champions League (Group stage)","Galatasaray","4-2-3-1",3,1.5,"Hakim Ziyech · 29&rsquor; Hakim Ziyech · 62&rsquor; Kerem Aktürkoğlu · 71&rsquor;","2","0","Manchester United","4-2-3-1",3,1.6,"Alejandro Garnacho · 11&rsquor; Bruno Fernandes · 18&rsquor; Scott McTominay · 55&rsquor;","4","0","Manchester United","Away",990,3,3,0,0,17,4,4,0,475,12,12,16,1.6,1.6,1.2,33,6,268,355,75.5,27,258,18,21,7
"UEFA Champions League","2023-11-29","UEFA Champions League (Group stage)","Real Madrid","4-2-2-2",4,2.8,"Rodrygo · 11&rsquor; Jude Bellingham · 22&rsquor; Nicolás Paz · 84&rsquor; Joselu · 90+4&rsquor;","0","0","Napoli","4-3-3",2,1.4,"Giovanni Simeone · 9&rsquor; Andre-Frank Zambo Anguissa · 47&rsquor;","2","0","Real Madrid","Home",990,4,4,0,0,20,9,0,0,730,14,9,13,3,3,2.6,37,8,543,611,88.9,45,512,27,16,9
"UEFA Champions League","2023-11-29","UEFA Champions League (Group stage)","Real Madrid","4-2-2-2",4,2.8,"Rodrygo · 11&rsquor; Jude Bellingham · 22&rsquor; Nicolás Paz · 84&rsquor; Joselu · 90+4&rsquor;","0","0","Napoli","4-3-3",2,1.4,"Giovanni Simeone · 9&rsquor; Andre-Frank Zambo Anguissa · 47&rsquor;","2","0","Napoli","Away",990,2,1,0,0,11,3,2,0,664,15,8,10,1.4,1.4,1.4,22,4,477,546,87.4,39,443,24,26,14
"UEFA Champions League","2023-11-29","UEFA Champions League (Group stage)","Bayern Munich","4-2-3-1",0,0.7,"","1","0","FC Copenhagen","4-3-2-1",0,0.7,"","2","0","Bayern Munich","Home",990,0,0,0,0,9,2,1,0,834,15,4,15,0.7,0.7,0.6,15,0,634,736,86.1,67,542,20,27,12
"UEFA Champions League","2023-11-29","UEFA Champions League (Group stage)","Bayern Munich","4-2-3-1",0,0.7,"","1","0","FC Copenhagen","4-3-2-1",0,0.7,"","2","0","FC Copenhagen","Away",990,0,0,0,0,8,3,2,0,564,19,13,7,0.8,0.8,0.4,13,0,363,450,80.7,17,325,9,18,12
"UEFA Champions League","2023-11-29","UEFA Champions League (Group stage)","Real Sociedad","4-3-3",0,1.3,"","1","0","Red Bull Salzburg","4-2-3-1",0,0.6,"","1","0","Real Sociedad","Home",990,0,0,0,0,21,7,1,0,768,22,6,7,1.3,1.3,0.8,41,0,554,660,83.9,64,582,25,26,11
"UEFA Champions League","2023-11-29","UEFA Champions League (Group stage)","Real Sociedad","4-3-3",0,1.3,"","1","0","Red Bull Salzburg","4-2-3-1",0,0.6,"","1","0","Red Bull Salzburg","Away",990,0,0,0,0,4,1,1,0,409,26,10,25,0.6,0.6,0.5,5,0,182,274,66.4,17,227,15,10,4
"UEFA Champions League","2023-12-12","UEFA Champions League (Group stage)","Lens","3-5-1-1",2,1.4,"Przemysław Frankowski (P) · 63&rsquor; Angelo Fulgini · 90+6&rsquor;","4","0","Sevilla","3-5-1-1",1,1.3,"Sergio Ramos (P) · 79&rsquor;","4","0","Lens","Home",990,2,1,1,1,2,1,4,0,453,21,7,10,1.4,0.6,0.6,4,4,257,342,75.1,21,299,10,12,2
"UEFA Champions League","2023-12-12","UEFA Champions League (Group stage)","Lens","3-5-1-1",2,1.4,"Przemysław Frankowski (P) · 63&rsquor; Angelo Fulgini · 90+6&rsquor;","4","0","Sevilla","3-5-1-1",1,1.3,"Sergio Ramos (P) · 79&rsquor;","4","0","Sevilla","Away",990,1,0,1,1,9,3,4,0,721,23,9,6,1.3,0.5,0.3,16,2,520,627,82.9,38,539,11,13,3
"UEFA Champions League","2023-12-12","UEFA Champions League (Group stage)","PSV Eindhoven","4-3-3",1,1.3,"Yorbe Vertessen · 50&rsquor;","0","0","Arsenal","4-3-3",1,1,"Eddie Nketiah · 42&rsquor;","0","0","PSV Eindhoven","Home",990,1,1,0,0,17,5,0,0,543,18,8,12,1.4,1.4,0.8,29,2,362,432,83.8,33,326,18,22,13
"UEFA Champions League","2023-12-12","UEFA Champions League (Group stage)","PSV Eindhoven","4-3-3",1,1.3,"Yorbe Vertessen · 50&rsquor;","0","0","Arsenal","4-3-3",1,1,"Eddie Nketiah · 42&rsquor;","0","0","Arsenal","Away",990,1,1,0,0,12,3,0,0,706,16,5,12,1,1,0.8,23,2,524,595,88.1,30,328,8,21,11
"UEFA Champions League","2023-12-12","UEFA Champions League (Group stage)","Manchester United","4-2-3-1",0,0.3,"","2","0","Bayern Munich","4-2-3-1",1,1.2,"Kingsley Coman · 70&rsquor;","1","0","Manchester United","Home",990,0,0,0,0,5,1,2,0,550,19,13,20,0.3,0.3,0.2,8,0,360,444,81.1,35,324,14,18,10
"UEFA Champions League","2023-12-12","UEFA Champions League (Group stage)","Manchester United","4-2-3-1",0,0.3,"","2","0","Bayern Munich","4-2-3-1",1,1.2,"Kingsley Coman · 70&rsquor;","1","0","Bayern Munich","Away",990,1,1,0,0,10,3,1,0,748,21,10,8,1.2,1.2,1,19,2,559,647,86.4,40,492,25,21,12
"UEFA Champions League","2023-12-12","UEFA Champions League (Group stage)","Red Bull Salzburg","4-1-2-1-2",1,1.6,"Luka Sučić · 57&rsquor;","4","0","Benfica","4-2-3-1",3,3.1,"Ángel Di María · 32&rsquor; Rafa Silva · 45+1&rsquor; Arthur Cabral · 90+2&rsquor;","2","0","Red Bull Salzburg","Home",990,1,1,0,0,19,6,4,0,624,26,18,20,1.6,1.6,1.4,34,2,355,458,77.5,36,406,18,23,11
"UEFA Champions League","2023-12-12","UEFA Champions League (Group stage)","Red Bull Salzburg","4-1-2-1-2",1,1.6,"Luka Sučić · 57&rsquor;","4","0","Benfica","4-2-3-1",3,3.1,"Ángel Di María · 32&rsquor; Rafa Silva · 45+1&rsquor; Arthur Cabral · 90+2&rsquor;","2","0","Benfica","Away",990,3,2,0,0,18,6,2,0,731,22,13,12,3.1,3.1,2.5,31,6,468,601,77.9,68,507,22,31,17
"UEFA Champions League","2023-12-12","UEFA Champions League (Group stage)","Union Berlin","5-3-2",2,1.1,"Kevin Volland · 45+1&rsquor; Alex Král · 85&rsquor;","2","0","Real Madrid","4-2-2-2",3,2.9,"Joselu · 61&rsquor; Joselu · 72&rsquor; Dani Ceballos · 89&rsquor;","2","0","Union Berlin","Home",990,2,1,0,0,8,5,2,0,422,19,4,11,1.1,1.1,0.8,14,3,252,330,76.4,19,238,12,7,3
"UEFA Champions League","2023-12-12","UEFA Champions League (Group stage)","Union Berlin","5-3-2",2,1.1,"Kevin Volland · 45+1&rsquor; Alex Král · 85&rsquor;","2","0","Real Madrid","4-2-2-2",3,2.9,"Joselu · 61&rsquor; Joselu · 72&rsquor; Dani Ceballos · 89&rsquor;","2","0","Real Madrid","Away",990,3,3,0,1,22,8,2,0,1025,7,6,3,2.9,2.1,1.9,41,6,872,943,92.5,54,808,31,22,12
"UEFA Champions League","2023-12-12","UEFA Champions League (Group stage)","Napoli","4-3-3",2,1.4,"Serdar Saatçı (OG) · 9&rsquor; Victor Osimhen · 33&rsquor;","0","0","Braga","4-2-3-1",0,1,"","2","0","Napoli","Home",990,1,1,0,0,9,6,0,0,626,18,7,11,1.4,1.4,1.4,16,2,421,512,82.2,28,379,19,33,14
"UEFA Champions League","2023-12-12","UEFA Champions League (Group stage)","Napoli","4-3-3",2,1.4,"Serdar Saatçı (OG) · 9&rsquor; Victor Osimhen · 33&rsquor;","0","0","Braga","4-2-3-1",0,1,"","2","0","Braga","Away",990,0,0,0,0,19,5,2,0,617,23,10,6,1,1,0.8,31,0,420,510,82.4,55,392,18,23,10
"UEFA Champions League","2023-12-12","UEFA Champions League (Group stage)","FC Copenhagen","4-3-3",1,1.3,"Lukas Lerager · 58&rsquor; Lukas Lerager · 90&rsquor;","4","1","Galatasaray","4-2-3-1",0,1.4,"","1","0","FC Copenhagen","Home",989,1,1,0,0,11,3,3,1,575,21,10,30,1.3,1.3,1.2,21,2,257,387,66.4,24,233,22,23,9
"UEFA Champions League","2023-12-12","UEFA Champions League (Group stage)","FC Copenhagen","4-3-3",1,1.3,"Lukas Lerager · 58&rsquor; Lukas Lerager · 90&rsquor;","4","1","Galatasaray","4-2-3-1",0,1.4,"","1","0","Galatasaray","Away",990,0,0,0,0,22,4,1,0,784,25,8,10,1.6,1.6,1,40,0,492,658,74.8,52,432,26,23,8
"UEFA Champions League","2023-12-12","UEFA Champions League (Group stage)","Internazionale","3-5-2",0,0.7,"","1","0","Real Sociedad","4-1-4-1",0,0.7,"","4","0","Internazionale","Home",990,0,0,0,0,10,2,1,0,548,7,9,9,0.7,0.7,0.6,19,0,367,471,77.9,22,197,15,13,6
"UEFA Champions League","2023-12-12","UEFA Champions League (Group stage)","Internazionale","3-5-2",0,0.7,"","1","0","Real Sociedad","4-1-4-1",0,0.7,"","4","0","Real Sociedad","Away",990,0,0,0,0,5,2,4,0,652,9,7,10,0.8,0.8,0.7,10,0,473,574,82.4,34,387,12,12,8
"UEFA Champions League","2023-12-13","UEFA Champions League (Group stage)","Red Star","5-3-2",2,1.1,"Hwang In-beom · 76&rsquor; Aleksandar Katai · 90+1&rsquor;","3","0","Manchester City","4-2-3-1",3,1.4,"Micah Hamilton · 19&rsquor; Oscar Bobb · 62&rsquor; Kalvin Phillips (P) · 85&rsquor;","1","0","Red Star","Home",990,2,2,0,0,11,6,3,0,407,18,4,8,1.1,1.1,1.1,20,4,254,327,77.7,23,201,12,9,7
"UEFA Champions League","2023-12-13","UEFA Champions League (Group stage)","Red Star","5-3-2",2,1.1,"Hwang In-beom · 76&rsquor; Aleksandar Katai · 90+1&rsquor;","3","0","Manchester City","4-2-3-1",3,1.4,"Micah Hamilton · 19&rsquor; Oscar Bobb · 62&rsquor; Kalvin Phillips (P) · 85&rsquor;","1","0","Manchester City","Away",990,3,2,1,1,9,2,1,0,776,8,3,5,1.4,0.6,0.5,18,6,630,699,90.1,33,579,29,25,10
"UEFA Champions League","2023-12-13","UEFA Champions League (Group stage)","RB Leipzig","4-2-2-2",2,0.7,"Benjamin Šeško · 51&rsquor; Emil Forsberg · 56&rsquor;","2","0","Young Boys","4-4-2",1,1.5,"Ebrima Colley · 53&rsquor;","3","0","RB Leipzig","Home",990,2,2,0,0,10,2,2,0,665,23,14,18,0.7,0.7,0.6,18,4,422,535,78.9,27,396,20,19,9
"UEFA Champions League","2023-12-13","UEFA Champions League (Group stage)","RB Leipzig","4-2-2-2",2,0.7,"Benjamin Šeško · 51&rsquor; Emil Forsberg · 56&rsquor;","2","0","Young Boys","4-4-2",1,1.5,"Ebrima Colley · 53&rsquor;","3","0","Young Boys","Away",990,1,1,0,0,16,3,3,0,601,16,13,20,1.5,1.5,1,23,2,365,479,76.2,19,375,18,30,15
"UEFA Champions League","2023-12-13","UEFA Champions League (Group stage)","Porto","4-4-2",5,2.7,"Galeno · 9&rsquor; Galeno · 43&rsquor; Mehdi Taremi · 62&rsquor; Pepe · 75&rsquor; Francisco Conceição · 82&rsquor;","1","0","Shakhtar Donetsk","4-1-4-1",3,1.5,"Danylo Sikan · 29&rsquor; Stephen Eustáquio (OG) · 72&rsquor; Eguinaldo · 88&rsquor;","3","0","Porto","Home",990,5,4,0,0,20,9,1,0,575,17,12,6,2.7,2.7,2,34,7,383,468,81.8,51,304,20,24,9
"UEFA Champions League","2023-12-13","UEFA Champions League (Group stage)","Porto","4-4-2",5,2.7,"Galeno · 9&rsquor; Galeno · 43&rsquor; Mehdi Taremi · 62&rsquor; Pepe · 75&rsquor; Francisco Conceição · 82&rsquor;","1","0","Shakhtar Donetsk","4-1-4-1",3,1.5,"Danylo Sikan · 29&rsquor; Stephen Eustáquio (OG) · 72&rsquor; Eguinaldo · 88&rsquor;","3","0","Shakhtar Donetsk","Away",990,2,2,0,0,9,6,3,0,589,18,4,15,1.6,1.6,1.3,16,4,404,490,82.4,25,352,12,13,9
"UEFA Champions League","2023-12-13","UEFA Champions League (Group stage)","Celtic","4-3-3",2,2.2,"Luis Enrique Palma (P) · 33&rsquor; Gustaf Lagerbielke · 90+1&rsquor;","2","0","Feyenoord","4-2-3-1",1,2.1,"Yankuba Minteh · 82&rsquor;","4","0","Celtic","Home",990,2,1,1,1,12,6,2,0,627,17,5,19,2.3,1.5,1.4,23,4,393,478,82.2,32,347,13,25,8
"UEFA Champions League","2023-12-13","UEFA Champions League (Group stage)","Celtic","4-3-3",2,2.2,"Luis Enrique Palma (P) · 33&rsquor; Gustaf Lagerbielke · 90+1&rsquor;","2","0","Feyenoord","4-2-3-1",1,2.1,"Yankuba Minteh · 82&rsquor;","4","0","Feyenoord","Away",990,1,1,0,0,19,7,4,0,653,26,5,9,2.1,2.1,1.2,29,2,433,535,80.9,46,357,13,18,8
"UEFA Champions League","2023-12-13","UEFA Champions League (Group stage)","Newcastle United","4-3-3",1,1.8,"Joelinton · 33&rsquor;","2","0","Milan","4-2-3-1",2,1.9,"Christian Pulisic · 59&rsquor; Samuel Chukwueze · 84&rsquor;","5","0","Newcastle United","Home",990,1,1,0,0,17,6,2,0,602,17,4,12,1.9,1.9,1.6,32,2,416,504,82.5,64,314,27,22,8
"UEFA Champions League","2023-12-13","UEFA Champions League (Group stage)","Newcastle United","4-3-3",1,1.8,"Joelinton · 33&rsquor;","2","0","Milan","4-2-3-1",2,1.9,"Christian Pulisic · 59&rsquor; Samuel Chukwueze · 84&rsquor;","5","0","Milan","Away",990,2,2,0,0,12,2,5,0,486,20,5,13,2,2,2,22,4,289,369,78.3,24,260,16,25,15
"UEFA Champions League","2023-12-13","UEFA Champions League (Group stage)","Antwerp","4-5-1",3,1.7,"Arthur Vermeeren · 2&rsquor; Vincent Janssen · 56&rsquor; George Ilenikhena · 90+2&rsquor;","3","0","Barcelona","4-3-3",2,1.1,"Ferrán Torres · 35&rsquor; Marc Guiu · 90+1&rsquor;","3","0","Antwerp","Home",990,3,2,0,0,11,5,3,0,459,23,10,14,1.7,1.7,1.3,18,3,256,323,79.3,26,208,12,19,13
"UEFA Champions League","2023-12-13","UEFA Champions League (Group stage)","Antwerp","4-5-1",3,1.7,"Arthur Vermeeren · 2&rsquor; Vincent Janssen · 56&rsquor; George Ilenikhena · 90+2&rsquor;","3","0","Barcelona","4-3-3",2,1.1,"Ferrán Torres · 35&rsquor; Marc Guiu · 90+1&rsquor;","3","0","Barcelona","Away",990,2,2,0,0,11,3,3,0,831,18,8,8,1.1,1.1,1.1,21,4,647,724,89.4,52,543,31,30,11
"UEFA Champions League","2023-12-13","UEFA Champions League (Group stage)","Dortmund","4-2-3-1",1,1.4,"Karim Adeyemi · 51&rsquor;","1","0","Paris Saint-Germain","3-4-3",1,2.8,"Warren Zaïre-Emery · 56&rsquor;","1","0","Dortmund","Home",990,1,1,0,0,10,6,1,0,536,36,13,18,1.4,1.4,0.7,17,2,312,412,75.7,36,329,11,15,7
"UEFA Champions League","2023-12-13","UEFA Champions League (Group stage)","Dortmund","4-2-3-1",1,1.4,"Karim Adeyemi · 51&rsquor;","1","0","Paris Saint-Germain","3-4-3",1,2.8,"Warren Zaïre-Emery · 56&rsquor;","1","0","Paris Saint-Germain","Away",990,1,0,0,0,18,5,1,0,724,13,7,13,2.9,2.9,2.6,31,0,514,598,86,60,544,29,36,14
"UEFA Champions League","2023-12-13","UEFA Champions League (Group stage)","Atlético Madrid","3-5-2",2,1.3,"Antoine Griezmann · 6&rsquor; Samuel Lino · 51&rsquor;","1","0","Lazio","4-3-3",0,0.9,"","3","0","Atlético Madrid","Home",990,2,1,0,0,16,4,1,0,818,8,5,19,1.3,1.3,0.8,27,2,627,716,87.6,26,531,13,12,6
"UEFA Champions League","2023-12-13","UEFA Champions League (Group stage)","Atlético Madrid","3-5-2",2,1.3,"Antoine Griezmann · 6&rsquor; Samuel Lino · 51&rsquor;","1","0","Lazio","4-3-3",0,0.9,"","3","0","Lazio","Away",990,0,0,0,0,10,4,3,0,631,8,10,8,0.9,0.9,0.6,15,0,452,538,84,36,352,13,9,6
"UEFA Champions League","2024-02-13","UEFA Champions League (Round of 16), Leg 1 of 2Aggregate: FC Copenhagen 2:6 Manchester CityManchester City won on aggregate score over two legs(Leg 2: Manchester City 3:1 FC Copenhagen)","FC Copenhagen","4-3-3",1,0.3,"Magnus Mattsson · 34&rsquor;","2","0","Manchester City","4-2-3-1",3,3.3,"Kevin De Bruyne · 10&rsquor; Bernardo Silva · 45&rsquor; Phil Foden · 90+2&rsquor;","0","0","FC Copenhagen","Home",990,1,0,0,0,4,1,2,0,339,18,8,13,0.3,0.3,0.1,5,1,159,234,67.9,9,105,5,10,4
"UEFA Champions League","2024-02-13","UEFA Champions League (Round of 16), Leg 1 of 2Aggregate: FC Copenhagen 2:6 Manchester CityManchester City won on aggregate score over two legs(Leg 2: Manchester City 3:1 FC Copenhagen)","FC Copenhagen","4-3-3",1,0.3,"Magnus Mattsson · 34&rsquor;","2","0","Manchester City","4-2-3-1",3,3.3,"Kevin De Bruyne · 10&rsquor; Bernardo Silva · 45&rsquor; Phil Foden · 90+2&rsquor;","0","0","Manchester City","Away",990,3,3,0,0,27,12,0,0,971,11,2,5,3.6,3.6,2,48,6,798,870,91.7,77,466,26,26,11
"UEFA Champions League","2024-02-13","UEFA Champions League (Round of 16), Leg 1 of 2Aggregate: RB Leipzig 1:2 Real MadridReal Madrid won on aggregate score over two legs(Leg 2: Real Madrid 1:1 RB Leipzig)","RB Leipzig","4-2-2-2",0,1.4,"","3","0","Real Madrid","4-3-1-2",1,1.4,"Brahim Díaz · 48&rsquor;","2","0","RB Leipzig","Home",990,0,0,0,0,14,9,3,0,697,24,12,17,1.4,1.4,1.2,25,0,491,582,84.4,39,441,15,12,6
"UEFA Champions League","2024-02-13","UEFA Champions League (Round of 16), Leg 1 of 2Aggregate: RB Leipzig 1:2 Real MadridReal Madrid won on aggregate score over two legs(Leg 2: Real Madrid 1:1 RB Leipzig)","RB Leipzig","4-2-2-2",0,1.4,"","3","0","Real Madrid","4-3-1-2",1,1.4,"Brahim Díaz · 48&rsquor;","2","0","Real Madrid","Away",990,1,1,0,0,15,3,2,0,714,17,13,8,1.4,1.4,1.4,28,2,512,586,87.4,52,455,18,37,20
"UEFA Champions League","2024-02-14","UEFA Champions League (Round of 16), Leg 1 of 2Aggregate: Paris S-G 4:1 Real SociedadParis S-G won on aggregate score over two legs(Leg 2: Real Sociedad 1:2 Paris S-G)","Paris Saint-Germain","4-3-3",2,1.2,"Kylian Mbappé · 58&rsquor; Bradley Barcola · 70&rsquor;","0","0","Real Sociedad","4-3-3",0,0.7,"","2","0","Paris Saint-Germain","Home",990,2,2,0,0,14,6,0,0,729,28,10,14,1.2,1.2,0.7,20,4,507,611,83,32,537,22,26,13
"UEFA Champions League","2024-02-14","UEFA Champions League (Round of 16), Leg 1 of 2Aggregate: Paris S-G 4:1 Real SociedadParis S-G won on aggregate score over two legs(Leg 2: Real Sociedad 1:2 Paris S-G)","Paris Saint-Germain","4-3-3",2,1.2,"Kylian Mbappé · 58&rsquor; Bradley Barcola · 70&rsquor;","0","0","Real Sociedad","4-3-3",0,0.7,"","2","0","Real Sociedad","Away",990,0,0,0,0,9,0,2,0,499,21,13,13,0.7,0.7,0.5,13,0,287,376,76.3,32,319,12,19,11
"UEFA Champions League","2024-02-14","UEFA Champions League (Round of 16), Leg 1 of 2Aggregate: Lazio 1:3 Bayern MunichBayern Munich won on aggregate score over two legs(Leg 2: Bayern Munich 3:0 Lazio)","Lazio","4-3-3",1,1.6,"Ciro Immobile (P) · 69&rsquor;","0","0","Bayern Munich","4-2-3-1",0,1.1,"Dayot Upamecano · 67&rsquor;","1","1","Lazio","Home",990,1,0,1,1,10,3,0,0,573,10,3,18,1.6,0.8,0.8,19,2,405,475,85.3,29,298,11,22,16
"UEFA Champions League","2024-02-14","UEFA Champions League (Round of 16), Leg 1 of 2Aggregate: Lazio 1:3 Bayern MunichBayern Munich won on aggregate score over two legs(Leg 2: Bayern Munich 3:0 Lazio)","Lazio","4-3-3",1,1.6,"Ciro Immobile (P) · 69&rsquor;","0","0","Bayern Munich","4-2-3-1",0,1.1,"Dayot Upamecano · 67&rsquor;","1","1","Bayern Munich","Away",966,0,0,0,0,17,0,1,1,823,15,10,13,1.1,1.1,0.9,30,0,654,732,89.3,53,441,28,20,15
"UEFA Champions League","2024-02-20","UEFA Champions League (Round of 16), Leg 1 of 2Aggregate: Inter 2:2 Atlético MadridAtlético Madrid won on penalty kicks following extra time(Leg 2: Atlético Madrid 2:1 Inter)","Internazionale","3-5-2",1,2.3,"Marko Arnautović · 79&rsquor;","2","0","Atlético Madrid","3-5-2",0,0.6,"","4","0","Internazionale","Home",990,1,0,0,0,19,5,2,0,756,9,12,12,2.3,2.3,1.2,32,1,563,661,85.2,51,398,15,13,7
"UEFA Champions League","2024-02-20","UEFA Champions League (Round of 16), Leg 1 of 2Aggregate: Inter 2:2 Atlético MadridAtlético Madrid won on penalty kicks following extra time(Leg 2: Atlético Madrid 2:1 Inter)","Internazionale","3-5-2",1,2.3,"Marko Arnautović · 79&rsquor;","2","0","Atlético Madrid","3-5-2",0,0.6,"","4","0","Atlético Madrid","Away",990,0,0,0,0,7,0,4,0,635,13,14,24,0.6,0.6,0.6,14,0,428,519,82.5,48,360,11,9,3
"UEFA Champions League","2024-02-20","UEFA Champions League (Round of 16), Leg 1 of 2Aggregate: PSV Eindhoven 1:3 DortmundDortmund won on aggregate score over two legs(Leg 2: Dortmund 2:0 PSV Eindhoven)","PSV Eindhoven","4-3-3",1,1.6,"Luuk de Jong (P) · 56&rsquor;","1","0","Dortmund","4-2-3-1",1,0.9,"Donyell Malen · 24&rsquor;","2","0","PSV Eindhoven","Home",990,1,0,1,1,13,3,1,0,679,16,9,11,1.6,0.8,0.8,25,2,429,536,80,52,410,22,20,7
"UEFA Champions League","2024-02-20","UEFA Champions League (Round of 16), Leg 1 of 2Aggregate: PSV Eindhoven 1:3 DortmundDortmund won on aggregate score over two legs(Leg 2: Dortmund 2:0 PSV Eindhoven)","PSV Eindhoven","4-3-3",1,1.6,"Luuk de Jong (P) · 56&rsquor;","1","0","Dortmund","4-2-3-1",1,0.9,"Donyell Malen · 24&rsquor;","2","0","Dortmund","Away",990,1,1,0,0,8,5,2,0,576,25,9,10,0.9,0.9,0.4,15,2,331,445,74.4,23,346,23,9,5
"UEFA Champions League","2024-02-21","UEFA Champions League (Round of 16), Leg 1 of 2Aggregate: Porto 1:1 ArsenalArsenal won on penalty kicks following extra time(Leg 2: Arsenal 1:0 Porto)","Porto","4-2-3-1",1,1,"Galeno · 90+4&rsquor;","2","0","Arsenal","4-3-3",0,0.4,"","3","0","Porto","Home",990,1,1,0,0,8,2,2,0,393,17,8,7,1.2,1.2,0.3,10,1,227,305,74.4,13,228,12,15,3
"UEFA Champions League","2024-02-21","UEFA Champions League (Round of 16), Leg 1 of 2Aggregate: Porto 1:1 ArsenalArsenal won on penalty kicks following extra time(Leg 2: Arsenal 1:0 Porto)","Porto","4-2-3-1",1,1,"Galeno · 90+4&rsquor;","2","0","Arsenal","4-3-3",0,0.4,"","3","0","Arsenal","Away",990,0,0,0,0,7,0,3,0,627,13,8,7,0.4,0.4,0.4,12,0,460,544,84.6,47,444,16,15,7
"UEFA Champions League","2024-02-21","UEFA Champions League (Round of 16), Leg 1 of 2Aggregate: Napoli 2:4 BarcelonaBarcelona won on aggregate score over two legs(Leg 2: Barcelona 3:1 Napoli)","Napoli","4-3-3",1,0.9,"Victor Osimhen · 75&rsquor;","0","0","Barcelona","4-3-3",1,0.7,"Robert Lewandowski · 60&rsquor;","3","0","Napoli","Home",990,1,1,0,0,6,1,0,0,615,15,15,5,0.9,0.9,0.6,10,2,406,520,78.1,35,353,18,12,5
"UEFA Champions League","2024-02-21","UEFA Champions League (Round of 16), Leg 1 of 2Aggregate: Napoli 2:4 BarcelonaBarcelona won on aggregate score over two legs(Leg 2: Barcelona 3:1 Napoli)","Napoli","4-3-3",1,0.9,"Victor Osimhen · 75&rsquor;","0","0","Barcelona","4-3-3",1,0.7,"Robert Lewandowski · 60&rsquor;","3","0","Barcelona","Away",990,1,1,0,0,12,6,3,0,646,14,11,11,0.7,0.7,0.7,22,2,441,530,83.2,42,386,11,15,9
"UEFA Champions League","2024-03-05","UEFA Champions League (Round of 16), Leg 2 of 2Aggregate: Bayern Munich 3:1 LazioBayern Munich won on aggregate score over two legs(Leg 1: Lazio 1:0 Bayern Munich)","Bayern Munich","4-2-3-1",3,3.5,"Harry Kane · 38&rsquor; Thomas Müller · 45+2&rsquor; Harry Kane · 66&rsquor;","0","0","Lazio","4-3-3",0,0.4,"","3","0","Bayern Munich","Home",990,3,2,0,0,24,7,0,0,800,10,15,19,3.6,3.6,2.8,42,3,628,690,91,61,427,19,21,17
"UEFA Champions League","2024-03-05","UEFA Champions League (Round of 16), Leg 2 of 2Aggregate: Bayern Munich 3:1 LazioBayern Munich won on aggregate score over two legs(Leg 1: Lazio 1:0 Bayern Munich)","Bayern Munich","4-2-3-1",3,3.5,"Harry Kane · 38&rsquor; Thomas Müller · 45+2&rsquor; Harry Kane · 66&rsquor;","0","0","Lazio","4-3-3",0,0.4,"","3","0","Lazio","Away",990,0,0,0,0,5,0,3,0,546,12,9,12,0.4,0.4,0.1,10,0,377,467,80.7,36,263,12,12,5
"UEFA Champions League","2024-03-05","UEFA Champions League (Round of 16), Leg 2 of 2Aggregate: Real Sociedad 1:4 Paris S-GParis S-G won on aggregate score over two legs(Leg 1: Paris S-G 2:0 Real Sociedad)","Real Sociedad","4-3-3",1,0.9,"Mikel Merino · 89&rsquor;","2","0","Paris Saint-Germain","4-3-1-2",2,1.4,"Kylian Mbappé · 15&rsquor; Kylian Mbappé · 56&rsquor;","3","0","Real Sociedad","Home",990,1,0,0,0,14,7,2,0,495,13,8,7,0.9,0.9,0.5,24,2,287,401,71.6,28,308,15,14,7
"UEFA Champions League","2024-03-05","UEFA Champions League (Round of 16), Leg 2 of 2Aggregate: Real Sociedad 1:4 Paris S-GParis S-G won on aggregate score over two legs(Leg 1: Paris S-G 2:0 Real Sociedad)","Real Sociedad","4-3-3",1,0.9,"Mikel Merino · 89&rsquor;","2","0","Paris Saint-Germain","4-3-1-2",2,1.4,"Kylian Mbappé · 15&rsquor; Kylian Mbappé · 56&rsquor;","3","0","Paris Saint-Germain","Away",990,2,2,0,0,10,7,3,0,611,7,14,7,1.4,1.4,1.4,18,4,417,515,81,32,452,18,19,12
"UEFA Champions League","2024-03-06","UEFA Champions League (Round of 16), Leg 2 of 2Aggregate: Manchester City 6:2 FC CopenhagenManchester City won on aggregate score over two legs(Leg 1: FC Copenhagen 1:3 Manchester City)","Manchester City","4-2-3-1",3,0.8,"Manuel Akanji · 5&rsquor; Julián Álvarez · 9&rsquor; Erling Haaland · 45+3&rsquor;","0","0","FC Copenhagen","3-4-3",1,1.2,"Mohamed Elyounoussi · 29&rsquor;","2","0","Manchester City","Home",990,3,2,0,0,12,3,0,0,915,10,6,8,0.8,0.8,0.7,20,4,777,842,92.3,32,475,19,20,9
"UEFA Champions League","2024-03-06","UEFA Champions League (Round of 16), Leg 2 of 2Aggregate: Manchester City 6:2 FC CopenhagenManchester City won on aggregate score over two legs(Leg 1: FC Copenhagen 1:3 Manchester City)","Manchester City","4-2-3-1",3,0.8,"Manuel Akanji · 5&rsquor; Julián Álvarez · 9&rsquor; Erling Haaland · 45+3&rsquor;","0","0","FC Copenhagen","3-4-3",1,1.2,"Mohamed Elyounoussi · 29&rsquor;","2","0","FC Copenhagen","Away",990,1,1,0,0,11,2,2,0,485,17,13,15,1.2,1.2,1.2,18,2,329,388,84.8,23,269,14,10,5
"UEFA Champions League","2024-03-06","UEFA Champions League (Round of 16), Leg 2 of 2Aggregate: Real Madrid 2:1 RB LeipzigReal Madrid won on aggregate score over two legs(Leg 1: RB Leipzig 0:1 Real Madrid)","Real Madrid","4-3-3",1,0.8,"Vinicius Júnior · 65&rsquor;","3","0","RB Leipzig","4-2-2-2",1,1,"Willi Orban · 68&rsquor;","3","0","Real Madrid","Home",990,1,1,0,0,11,3,3,0,654,12,6,16,0.8,0.8,0.8,21,2,477,544,87.7,31,401,12,20,12
"UEFA Champions League","2024-03-06","UEFA Champions League (Round of 16), Leg 2 of 2Aggregate: Real Madrid 2:1 RB LeipzigReal Madrid won on aggregate score over two legs(Leg 1: RB Leipzig 0:1 Real Madrid)","Real Madrid","4-3-3",1,0.8,"Vinicius Júnior · 65&rsquor;","3","0","RB Leipzig","4-2-2-2",1,1,"Willi Orban · 68&rsquor;","3","0","RB Leipzig","Away",990,1,1,0,0,20,4,3,0,584,19,4,16,1.1,1.1,0.8,36,2,408,485,84.1,36,366,17,14,8
"UEFA Champions League","2024-03-12","UEFA Champions League (Round of 16), Leg 2 of 2Aggregate: Arsenal 1:1 PortoArsenal won on penalty kicks following extra time(Leg 1: Porto 1:0 Arsenal)","Arsenal","4-3-3",1,0.9,"Leandro Trossard · 41&rsquor;","2","0","Porto","4-2-3-1",0,0.5,"","1","0","Arsenal","Home",1320,1,1,0,0,13,4,2,0,768,15,13,15,0.9,0.9,0.7,24,2,507,635,79.8,53,444,22,16,8
"UEFA Champions League","2024-03-12","UEFA Champions League (Round of 16), Leg 2 of 2Aggregate: Arsenal 1:1 PortoArsenal won on penalty kicks following extra time(Leg 1: Porto 1:0 Arsenal)","Arsenal","4-3-3",1,0.9,"Leandro Trossard · 41&rsquor;","2","0","Porto","4-2-3-1",0,0.5,"","1","0","Porto","Away",1320,0,0,0,0,10,3,1,0,601,30,12,11,0.5,0.5,0.4,16,0,324,465,69.7,24,345,16,21,11
"UEFA Champions League","2024-03-12","UEFA Champions League (Round of 16), Leg 2 of 2Aggregate: Barcelona 4:2 NapoliBarcelona won on aggregate score over two legs(Leg 1: Napoli 1:1 Barcelona)","Barcelona","4-3-3",3,2.7,"Fermin López · 15&rsquor; João Cancelo · 17&rsquor; Robert Lewandowski · 83&rsquor;","2","0","Napoli","4-3-3",1,1.3,"Amir Rrahmani · 30&rsquor;","3","0","Barcelona","Home",990,3,2,0,0,24,10,2,0,617,21,13,14,2.8,2.8,2.4,40,5,397,489,81.2,33,327,22,25,11
"UEFA Champions League","2024-03-12","UEFA Champions League (Round of 16), Leg 2 of 2Aggregate: Barcelona 4:2 NapoliBarcelona won on aggregate score over two legs(Leg 1: Napoli 1:1 Barcelona)","Barcelona","4-3-3",3,2.7,"Fermin López · 15&rsquor; João Cancelo · 17&rsquor; Robert Lewandowski · 83&rsquor;","2","0","Napoli","4-3-3",1,1.3,"Amir Rrahmani · 30&rsquor;","3","0","Napoli","Away",990,1,1,0,0,14,4,3,0,633,16,11,17,1.3,1.3,1.2,25,2,430,523,82.2,45,362,21,19,6
"UEFA Champions League","2024-03-13","UEFA Champions League (Round of 16), Leg 2 of 2Aggregate: Atlético Madrid 2:2 InterAtlético Madrid won on penalty kicks following extra time(Leg 1: Inter 1:0 Atlético Madrid)","Atlético Madrid","3-5-2",2,2.7,"Antoine Griezmann · 35&rsquor; Memphis · 87&rsquor;","2","0","Internazionale","3-5-2",1,1.6,"Federico Dimarco · 33&rsquor;","3","0","Atlético Madrid","Home",1320,2,1,0,0,23,9,2,0,856,12,4,16,2.7,2.7,1.7,43,4,614,752,81.6,63,476,29,16,11
"UEFA Champions League","2024-03-13","UEFA Champions League (Round of 16), Leg 2 of 2Aggregate: Atlético Madrid 2:2 InterAtlético Madrid won on penalty kicks following extra time(Leg 1: Inter 1:0 Atlético Madrid)","Atlético Madrid","3-5-2",2,2.7,"Antoine Griezmann · 35&rsquor; Memphis · 87&rsquor;","2","0","Internazionale","3-5-2",1,1.6,"Federico Dimarco · 33&rsquor;","3","0","Internazionale","Away",1320,1,1,0,0,15,5,3,0,981,11,7,16,1.6,1.6,1.4,22,2,721,831,86.8,54,453,25,14,4
"UEFA Champions League","2024-03-13","UEFA Champions League (Round of 16), Leg 2 of 2Aggregate: Dortmund 3:1 PSV EindhovenDortmund won on aggregate score over two legs(Leg 1: PSV Eindhoven 1:1 Dortmund)","Dortmund","4-2-3-1",2,1.5,"Jadon Sancho · 3&rsquor; Marco Reus · 90+5&rsquor;","2","0","PSV Eindhoven","4-3-3",0,1.5,"","0","0","Dortmund","Home",990,2,2,0,0,15,7,2,0,620,26,10,9,1.5,1.5,1.2,26,4,386,489,78.9,40,360,13,14,6
"UEFA Champions League","2024-03-13","UEFA Champions League (Round of 16), Leg 2 of 2Aggregate: Dortmund 3:1 PSV EindhovenDortmund won on aggregate score over two legs(Leg 1: PSV Eindhoven 1:1 Dortmund)","Dortmund","4-2-3-1",2,1.5,"Jadon Sancho · 3&rsquor; Marco Reus · 90+5&rsquor;","2","0","PSV Eindhoven","4-3-3",0,1.5,"","0","0","PSV Eindhoven","Away",990,0,0,0,0,17,7,0,0,649,18,10,12,1.5,1.5,1.3,33,0,428,526,81.4,57,413,25,35,16
"UEFA Champions League","2024-04-09","UEFA Champions League (Quarter-finals), Leg 1 of 2Aggregate: Arsenal 2:3 Bayern MunichBayern Munich won on aggregate score over two legs(Leg 2: Bayern Munich 1:0 Arsenal)","Arsenal","4-3-3",2,1,"Bukayo Saka · 12&rsquor; Leandro Trossard · 76&rsquor;","1","0","Bayern Munich","4-2-3-1",2,1.9,"Serge Gnabry · 18&rsquor; Harry Kane (P) · 32&rsquor;","2","0","Arsenal","Home",990,2,2,0,0,13,4,1,0,650,18,5,7,1,1,0.8,25,4,490,566,86.6,49,450,26,21,10
"UEFA Champions League","2024-04-09","UEFA Champions League (Quarter-finals), Leg 1 of 2Aggregate: Arsenal 2:3 Bayern MunichBayern Munich won on aggregate score over two legs(Leg 2: Bayern Munich 1:0 Arsenal)","Arsenal","4-3-3",2,1,"Bukayo Saka · 12&rsquor; Leandro Trossard · 76&rsquor;","1","0","Bayern Munich","4-2-3-1",2,1.9,"Serge Gnabry · 18&rsquor; Harry Kane (P) · 32&rsquor;","2","0","Bayern Munich","Away",990,2,1,1,1,7,1,2,0,490,16,7,12,1.9,1.1,1.1,13,4,316,390,81,21,238,15,25,12
"UEFA Champions League","2024-04-09","UEFA Champions League (Quarter-finals), Leg 1 of 2Aggregate: Real Madrid 4:4 Manchester CityReal Madrid won on penalty kicks following extra time(Leg 2: Manchester City 1:1 Real Madrid)","Real Madrid","4-2-3-1",3,0.7,"Rúben Dias (OG) · 12&rsquor; Rodrygo · 14&rsquor; Federico Valverde · 79&rsquor;","2","0","Manchester City","4-2-3-1",3,0.8,"Bernardo Silva · 2&rsquor; Phil Foden · 66&rsquor; Joško Gvardiol · 71&rsquor;","2","0","Real Madrid","Home",990,2,2,0,0,14,5,2,0,541,21,7,12,0.7,0.7,0.5,26,4,383,448,85.5,22,327,25,21,8
"UEFA Champions League","2024-04-09","UEFA Champions League (Quarter-finals), Leg 1 of 2Aggregate: Real Madrid 4:4 Manchester CityReal Madrid won on penalty kicks following extra time(Leg 2: Manchester City 1:1 Real Madrid)","Real Madrid","4-2-3-1",3,0.7,"Rúben Dias (OG) · 12&rsquor; Rodrygo · 14&rsquor; Federico Valverde · 79&rsquor;","2","0","Manchester City","4-2-3-1",3,0.8,"Bernardo Silva · 2&rsquor; Phil Foden · 66&rsquor; Joško Gvardiol · 71&rsquor;","2","0","Manchester City","Away",990,3,2,0,0,12,6,2,0,792,22,7,8,0.8,0.8,0.7,22,6,645,709,91,42,515,32,11,4
"UEFA Champions League","2024-04-10","UEFA Champions League (Quarter-finals), Leg 1 of 2Aggregate: Atlético Madrid 4:5 DortmundDortmund won on aggregate score over two legs(Leg 2: Dortmund 4:2 Atlético Madrid)","Atlético Madrid","3-5-2",2,2.2,"Rodrigo De Paul · 4&rsquor; Samuel Lino · 32&rsquor;","3","0","Dortmund","4-2-3-1",1,0.9,"Sébastien Haller · 81&rsquor;","2","0","Atlético Madrid","Home",990,2,1,0,0,14,9,3,0,473,24,9,15,2.2,2.2,1.6,23,2,263,352,74.7,24,202,12,10,2
"UEFA Champions League","2024-04-10","UEFA Champions League (Quarter-finals), Leg 1 of 2Aggregate: Atlético Madrid 4:5 DortmundDortmund won on aggregate score over two legs(Leg 2: Dortmund 4:2 Atlético Madrid)","Atlético Madrid","3-5-2",2,2.2,"Rodrigo De Paul · 4&rsquor; Samuel Lino · 32&rsquor;","3","0","Dortmund","4-2-3-1",1,0.9,"Sébastien Haller · 81&rsquor;","2","0","Dortmund","Away",990,1,0,0,0,12,4,2,0,805,14,4,15,0.9,0.9,0.3,19,2,604,697,86.7,63,510,17,33,17
"UEFA Champions League","2024-04-10","UEFA Champions League (Quarter-finals), Leg 1 of 2Aggregate: Paris S-G 6:4 BarcelonaParis S-G won on aggregate score over two legs(Leg 2: Barcelona 1:4 Paris S-G)","Paris Saint-Germain","4-3-3",2,1.2,"Ousmane Dembélé · 48&rsquor; Vitinha · 51&rsquor;","2","0","Barcelona","4-3-3",3,1.9,"Raphinha · 37&rsquor; Raphinha · 62&rsquor; Andreas Christensen · 77&rsquor;","4","0","Paris Saint-Germain","Home",990,2,1,0,0,18,6,2,0,712,12,8,12,1.2,1.2,1.2,34,4,517,600,86.2,54,547,36,31,11
"UEFA Champions League","2024-04-10","UEFA Champions League (Quarter-finals), Leg 1 of 2Aggregate: Paris S-G 6:4 BarcelonaParis S-G won on aggregate score over two legs(Leg 2: Barcelona 1:4 Paris S-G)","Paris Saint-Germain","4-3-3",2,1.2,"Ousmane Dembélé · 48&rsquor; Vitinha · 51&rsquor;","2","0","Barcelona","4-3-3",3,1.9,"Raphinha · 37&rsquor; Raphinha · 62&rsquor; Andreas Christensen · 77&rsquor;","4","0","Barcelona","Away",990,3,2,0,0,15,6,4,0,543,22,8,17,2,2,1.6,29,6,347,425,81.6,26,371,14,16,10
"UEFA Champions League","2024-04-16","UEFA Champions League (Quarter-finals), Leg 2 of 2Aggregate: Barcelona 4:6 Paris S-GParis S-G won on aggregate score over two legs(Leg 1: Paris S-G 2:3 Barcelona)","Barcelona","4-3-3",1,1.1,"Raphinha · 12&rsquor; Ronald Araújo · 29&rsquor; Xavi · 56&rsquor;","5","2","Paris Saint-Germain","4-3-3",4,2.3,"Ousmane Dembélé · 40&rsquor; Vitinha · 54&rsquor; Kylian Mbappé (P) · 61&rsquor; Kylian Mbappé · 89&rsquor;","4","0","Barcelona","Home",928,1,1,0,0,7,3,5,2,424,26,4,11,1.1,1.1,1,13,2,229,315,72.7,25,258,7,11,5
"UEFA Champions League","2024-04-16","UEFA Champions League (Quarter-finals), Leg 2 of 2Aggregate: Barcelona 4:6 Paris S-GParis S-G won on aggregate score over two legs(Leg 1: Paris S-G 2:3 Barcelona)","Barcelona","4-3-3",1,1.1,"Raphinha · 12&rsquor; Ronald Araújo · 29&rsquor; Xavi · 56&rsquor;","5","2","Paris Saint-Germain","4-3-3",4,2.3,"Ousmane Dembélé · 40&rsquor; Vitinha · 54&rsquor; Kylian Mbappé (P) · 61&rsquor; Kylian Mbappé · 89&rsquor;","4","0","Paris Saint-Germain","Away",990,4,2,1,1,20,8,4,0,746,16,4,10,2.4,1.6,1.1,40,7,561,642,87.4,57,595,44,34,18
"UEFA Champions League","2024-04-16","UEFA Champions League (Quarter-finals), Leg 2 of 2Aggregate: Dortmund 5:4 Atlético MadridDortmund won on aggregate score over two legs(Leg 1: Atlético Madrid 2:1 Dortmund)","Dortmund","4-2-3-1",4,1.5,"Julian Brandt · 34&rsquor; Ian Maatsen · 39&rsquor; Niclas Füllkrug · 71&rsquor; Marcel Sabitzer · 74&rsquor;","1","0","Atlético Madrid","3-5-2",2,1.9,"Mats Hummels (OG) · 49&rsquor; Ángel Correa · 64&rsquor;","2","0","Dortmund","Home",990,4,3,0,0,19,9,1,0,707,11,12,12,1.5,1.5,1.3,36,7,507,597,84.9,45,492,16,15,4
"UEFA Champions League","2024-04-16","UEFA Champions League (Quarter-finals), Leg 2 of 2Aggregate: Dortmund 5:4 Atlético MadridDortmund won on aggregate score over two legs(Leg 1: Atlético Madrid 2:1 Dortmund)","Dortmund","4-2-3-1",4,1.5,"Julian Brandt · 34&rsquor; Ian Maatsen · 39&rsquor; Niclas Füllkrug · 71&rsquor; Marcel Sabitzer · 74&rsquor;","1","0","Atlético Madrid","3-5-2",2,1.9,"Mats Hummels (OG) · 49&rsquor; Ángel Correa · 64&rsquor;","2","0","Atlético Madrid","Away",990,1,0,0,0,10,3,2,0,661,17,10,14,2,2,1.4,18,1,456,557,81.9,42,365,18,12,3
"UEFA Champions League","2024-04-17","UEFA Champions League (Quarter-finals), Leg 2 of 2Aggregate: Manchester City 4:4 Real MadridReal Madrid won on penalty kicks following extra time(Leg 1: Real Madrid 3:3 Manchester City)","Manchester City","4-1-4-1",1,2.7,"Kevin De Bruyne · 76&rsquor;","3","0","Real Madrid","4-2-3-1",1,1.4,"Rodrygo · 12&rsquor;","2","0","Manchester City","Home",1320,1,0,0,0,33,9,3,0,1116,19,5,10,2.8,2.8,1.9,63,2,885,998,88.7,98,555,57,26,9
"UEFA Champions League","2024-04-17","UEFA Champions League (Quarter-finals), Leg 2 of 2Aggregate: Manchester City 4:4 Real MadridReal Madrid won on penalty kicks following extra time(Leg 1: Real Madrid 3:3 Manchester City)","Manchester City","4-1-4-1",1,2.7,"Kevin De Bruyne · 76&rsquor;","3","0","Real Madrid","4-2-3-1",1,1.4,"Rodrygo · 12&rsquor;","2","0","Real Madrid","Away",1320,1,0,0,0,8,3,2,0,652,28,11,23,1.4,1.4,0.9,11,1,392,487,80.5,18,329,11,20,7
"UEFA Champions League","2024-04-17","UEFA Champions League (Quarter-finals), Leg 2 of 2Aggregate: Bayern Munich 3:2 ArsenalBayern Munich won on aggregate score over two legs(Leg 1: Arsenal 2:2 Bayern Munich)","Bayern Munich","4-2-3-1",1,1.3,"Joshua Kimmich · 63&rsquor;","2","0","Arsenal","4-3-3",0,0.4,"","2","0","Bayern Munich","Home",990,1,1,0,0,15,3,2,0,600,20,11,5,1.3,1.3,1.2,27,2,434,513,84.6,32,366,25,14,5
"UEFA Champions League","2024-04-17","UEFA Champions League (Quarter-finals), Leg 2 of 2Aggregate: Bayern Munich 3:2 ArsenalBayern Munich won on aggregate score over two legs(Leg 1: Arsenal 2:2 Bayern Munich)","Bayern Munich","4-2-3-1",1,1.3,"Joshua Kimmich · 63&rsquor;","2","0","Arsenal","4-3-3",0,0.4,"","2","0","Arsenal","Away",990,0,0,0,0,8,3,2,0,581,13,3,13,0.4,0.4,0.3,14,0,424,491,86.4,46,410,16,20,10
"UEFA Champions League","2024-04-30","UEFA Champions League (Semi-finals), Leg 1 of 2Aggregate: Bayern Munich 3:4 Real MadridReal Madrid won on aggregate score over two legs(Leg 2: Real Madrid 2:1 Bayern Munich)","Bayern Munich","4-2-3-1",2,1.6,"Leroy Sané · 53&rsquor; Harry Kane (P) · 57&rsquor;","2","0","Real Madrid","4-4-2",2,1.9,"Vinicius Júnior · 24&rsquor; Vinicius Júnior (P) · 83&rsquor;","2","0","Bayern Munich","Home",990,2,1,1,1,13,4,2,0,649,12,7,12,1.6,0.8,0.7,27,4,534,576,92.7,50,382,35,15,11
"UEFA Champions League","2024-04-30","UEFA Champions League (Semi-finals), Leg 1 of 2Aggregate: Bayern Munich 3:4 Real MadridReal Madrid won on aggregate score over two legs(Leg 2: Real Madrid 2:1 Bayern Munich)","Bayern Munich","4-2-3-1",2,1.6,"Leroy Sané · 53&rsquor; Harry Kane (P) · 57&rsquor;","2","0","Real Madrid","4-4-2",2,1.9,"Vinicius Júnior · 24&rsquor; Vinicius Júnior (P) · 83&rsquor;","2","0","Real Madrid","Away",990,2,1,1,1,9,3,2,0,613,14,3,9,1.9,1.1,1,19,4,488,548,89.1,34,390,20,12,5
"UEFA Champions League","2024-05-01","UEFA Champions League (Semi-finals), Leg 1 of 2Aggregate: Dortmund 2:0 Paris S-GDortmund won on aggregate score over two legs(Leg 2: Paris S-G 0:1 Dortmund)","Dortmund","4-2-3-1",1,1.7,"Niclas Füllkrug · 36&rsquor;","2","0","Paris Saint-Germain","4-3-3",0,1.7,"","1","0","Dortmund","Home",990,1,1,0,0,13,4,2,0,584,19,2,13,1.8,1.8,1.4,24,2,383,467,82,38,414,31,33,20
"UEFA Champions League","2024-05-01","UEFA Champions League (Semi-finals), Leg 1 of 2Aggregate: Dortmund 2:0 Paris S-GDortmund won on aggregate score over two legs(Leg 2: Paris S-G 0:1 Dortmund)","Dortmund","4-2-3-1",1,1.7,"Niclas Füllkrug · 36&rsquor;","2","0","Paris Saint-Germain","4-3-3",0,1.7,"","1","0","Paris Saint-Germain","Away",990,0,0,0,0,14,3,1,0,749,21,11,13,1.7,1.7,1.6,28,0,551,622,88.6,48,586,28,28,13
"UEFA Champions League","2024-05-07","UEFA Champions League (Semi-finals), Leg 2 of 2Aggregate: Paris S-G 0:2 DortmundDortmund won on aggregate score over two legs(Leg 1: Dortmund 1:0 Paris S-G)","Paris Saint-Germain","4-3-3",0,3,"","2","0","Dortmund","4-2-3-1",1,0.7,"Mats Hummels · 50&rsquor;","2","0","Paris Saint-Germain","Home",990,0,0,0,0,30,5,2,0,836,17,8,7,3.2,3.2,2.4,56,0,624,729,85.6,80,651,30,21,11
"UEFA Champions League","2024-05-07","UEFA Champions League (Semi-finals), Leg 2 of 2Aggregate: Paris S-G 0:2 DortmundDortmund won on aggregate score over two legs(Leg 1: Dortmund 1:0 Paris S-G)","Paris Saint-Germain","4-3-3",0,3,"","2","0","Dortmund","4-2-3-1",1,0.7,"Mats Hummels · 50&rsquor;","2","0","Dortmund","Away",990,1,1,0,0,7,3,2,0,478,18,12,19,0.7,0.7,0.7,13,1,252,332,75.9,17,290,15,22,10
"UEFA Champions League","2024-05-08","UEFA Champions League (Semi-finals), Leg 2 of 2Aggregate: Real Madrid 4:3 Bayern MunichReal Madrid won on aggregate score over two legs(Leg 1: Bayern Munich 2:2 Real Madrid)","Real Madrid","4-4-2",2,2.8,"Joselu · 88&rsquor; Joselu · 90+1&rsquor;","1","0","Bayern Munich","4-2-3-1",1,0.4,"Alphonso Davies · 68&rsquor;","1","0","Real Madrid","Home",990,2,1,0,0,19,7,1,0,772,14,11,6,3,3,1.7,35,3,593,680,87.2,40,527,27,22,11
"UEFA Champions League","2024-05-08","UEFA Champions League (Semi-finals), Leg 2 of 2Aggregate: Real Madrid 4:3 Bayern MunichReal Madrid won on aggregate score over two legs(Leg 1: Bayern Munich 2:2 Real Madrid)","Real Madrid","4-4-2",2,2.8,"Joselu · 88&rsquor; Joselu · 90+1&rsquor;","1","0","Bayern Munich","4-2-3-1",1,0.4,"Alphonso Davies · 68&rsquor;","1","0","Bayern Munich","Away",990,1,1,0,0,8,5,1,0,615,20,6,13,0.4,0.4,0.2,14,2,428,506,84.6,38,379,18,14,6
"UEFA Champions League","2024-06-01","UEFA Champions League (Final)","Dortmund","4-3-3",0,2.1,"","3","0","Real Madrid","4-3-1-2",2,1.1,"Dani Carvajal · 74&rsquor; Vinicius Júnior · 83&rsquor;","1","0","Dortmund","Home",990,0,0,0,0,13,3,3,0,544,19,6,10,2.2,2.2,1.2,23,0,370,447,82.8,38,324,22,18,6
"UEFA Champions League","2024-06-01","UEFA Champions League (Final)","Dortmund","4-3-3",0,2.1,"","3","0","Real Madrid","4-3-1-2",2,1.1,"Dani Carvajal · 74&rsquor; Vinicius Júnior · 83&rsquor;","1","0","Real Madrid","Away",990,2,2,0,0,13,6,1,0,685,14,4,16,1.1,1.1,0.9,23,3,529,590,89.7,48,428,15,21,10
